﻿"Geography ID","Geography Name","Year","Value"
"Transcona","Transcona","2014","16.90000000000000000000"
"Assiniboine South","Assiniboine South","2014","31.70000000000000000000"
"Downtown","Downtown","2014","18.30000000000000000000"
"Fort Garry","Fort Garry","2014","22.70000000000000000000"
"Inkster","Inkster","2014","13.60000000000000000000"
"Point Douglas","Point Douglas","2014","12.80000000000000000000"
"River East","River East","2014","17.80000000000000000000"
"River Heights","River Heights","2014","33.20000000000000000000"
"Seven Oaks","Seven Oaks","2014","14.30000000000000000000"
"St. Boniface","St. Boniface","2014","25.80000000000000000000"
"St. James - Assiniboia","St. James - Assiniboia","2014","32.30000000000000000000"
"St. Vital","St. Vital","2014","22.20000000000000000000"
"Inkster","Inkster","2013","13.10000000000000000000"
"Assiniboine South","Assiniboine South","2013","31.90000000000000000000"
"Downtown","Downtown","2013","18.30000000000000000000"
"Fort Garry","Fort Garry","2013","23.90000000000000000000"
"Point Douglas","Point Douglas","2013","13.10000000000000000000"
"River East","River East","2013","17.00000000000000000000"
"Seven Oaks","Seven Oaks","2013","14.10000000000000000000"
"St. Boniface","St. Boniface","2013","25.70000000000000000000"
"St. James - Assiniboia","St. James - Assiniboia","2013","30.10000000000000000000"
"St. Vital","St. Vital","2013","19.60000000000000000000"
"Transcona","Transcona","2013","17.10000000000000000000"
"River Heights","River Heights","2013","32.90000000000000000000"
"River Heights","River Heights","2012","33.70000000000000000000"
"Assiniboine South","Assiniboine South","2012","29.50000000000000000000"
"Downtown","Downtown","2012","16.60000000000000000000"
"Fort Garry","Fort Garry","2012","23.20000000000000000000"
"Inkster","Inkster","2012","12.90000000000000000000"
"Point Douglas","Point Douglas","2012","12.90000000000000000000"
"River East","River East","2012","16.40000000000000000000"
"Seven Oaks","Seven Oaks","2012","14.60000000000000000000"
"St. Boniface","St. Boniface","2012","25.70000000000000000000"
"St. James - Assiniboia","St. James - Assiniboia","2012","30.30000000000000000000"
"St. Vital","St. Vital","2012","20.00000000000000000000"
"Transcona","Transcona","2012","17.90000000000000000000"
"River Heights","River Heights","2011","33.80000000000000000000"
"Transcona","Transcona","2011","17.20000000000000000000"
"St. Vital","St. Vital","2011","19.10000000000000000000"
"St. James - Assiniboia","St. James - Assiniboia","2011","28.90000000000000000000"
"St. Boniface","St. Boniface","2011","26.10000000000000000000"
"Seven Oaks","Seven Oaks","2011","14.60000000000000000000"
"River East","River East","2011","16.10000000000000000000"
"Point Douglas","Point Douglas","2011","12.80000000000000000000"
"Inkster","Inkster","2011","12.30000000000000000000"
"Fort Garry","Fort Garry","2011","23.20000000000000000000"
"Downtown","Downtown","2011","16.20000000000000000000"
"Assiniboine South","Assiniboine South","2011","30.10000000000000000000"
"River Heights","River Heights","2010","32.30000000000000000000"
"Assiniboine South","Assiniboine South","2010","28.10000000000000000000"
"Downtown","Downtown","2010","15.60000000000000000000"
"Fort Garry","Fort Garry","2010","23.50000000000000000000"
"Inkster","Inkster","2010","12.00000000000000000000"
"Point Douglas","Point Douglas","2010","12.30000000000000000000"
"River East","River East","2010","16.00000000000000000000"
"Seven Oaks","Seven Oaks","2010","15.20000000000000000000"
"St. Boniface","St. Boniface","2010","25.10000000000000000000"
"St. James - Assiniboia","St. James - Assiniboia","2010","28.10000000000000000000"
"St. Vital","St. Vital","2010","19.50000000000000000000"
"Transcona","Transcona","2010","17.40000000000000000000"
"St. James - Assiniboia","St. James - Assiniboia","2009","27.70000000000000000000"
"Assiniboine South","Assiniboine South","2009","26.80000000000000000000"
"Downtown","Downtown","2009","15.00000000000000000000"
"Fort Garry","Fort Garry","2009","21.50000000000000000000"
"Inkster","Inkster","2009","13.10000000000000000000"
"Point Douglas","Point Douglas","2009","12.20000000000000000000"
"River East","River East","2009","15.00000000000000000000"
"Seven Oaks","Seven Oaks","2009","15.30000000000000000000"
"St. Boniface","St. Boniface","2009","24.10000000000000000000"
"River Heights","River Heights","2009","31.10000000000000000000"
"St. Vital","St. Vital","2009","19.00000000000000000000"
"Transcona","Transcona","2009","16.90000000000000000000"
"Downtown","Downtown","2007","16.60000000000000000000"
"Fort Garry","Fort Garry","2007","18.80000000000000000000"
"Inkster","Inkster","2007","12.50000000000000000000"
"Point Douglas","Point Douglas","2007","11.70000000000000000000"
"River East","River East","2007","14.30000000000000000000"
"River Heights","River Heights","2007","28.60000000000000000000"
"Seven Oaks","Seven Oaks","2007","13.40000000000000000000"
"St. Boniface","St. Boniface","2007","23.50000000000000000000"
"St. James - Assiniboia","St. James - Assiniboia","2007","26.50000000000000000000"
"St. Vital","St. Vital","2007","18.20000000000000000000"
"Transcona","Transcona","2007","16.80000000000000000000"
"Assiniboine South","Assiniboine South","2007","25.20000000000000000000"
