﻿"Geography ID","Geography Name","Year","Value"
"River East","River East","2021","1068.50000000000000000000"
"Fort Garry","Fort Garry","2021","481.00000000000000000000"
"River Heights","River Heights","2021","1583.80000000000000000000"
"Seven Oaks","Seven Oaks","2021","639.20000000000000000000"
"Transcona","Transcona","2021","570.90000000000000000000"
"St. Vital","St. Vital","2021","458.70000000000000000000"
"Inkster","Inkster","2021","634.10000000000000000000"
"Point Douglas","Point Douglas","2021","1429.70000000000000000000"
"Assiniboine South","Assiniboine South","2021","245.70000000000000000000"
"St. James - Assiniboia","St. James - Assiniboia","2021","443.50000000000000000000"
"St. Boniface","St. Boniface","2021","542.60000000000000000000"
"Downtown","Downtown","2021","1991.00000000000000000000"
"Downtown","Downtown","2016","1894.50000000000000000000"
"River Heights","River Heights","2016","1561.70000000000000000000"
"Seven Oaks","Seven Oaks","2016","598.70000000000000000000"
"Transcona","Transcona","2016","475.00000000000000000000"
"St. Vital","St. Vital","2016","442.80000000000000000000"
"Inkster","Inkster","2016","566.70000000000000000000"
"Point Douglas","Point Douglas","2016","1397.00000000000000000000"
"Assiniboine South","Assiniboine South","2016","222.80000000000000000000"
"St. James - Assiniboia","St. James - Assiniboia","2016","440.00000000000000000000"
"St. Boniface","St. Boniface","2016","498.90000000000000000000"
"River East","River East","2016","1024.20000000000000000000"
"Fort Garry","Fort Garry","2016","413.40000000000000000000"
"River Heights","River Heights","2011","1539.20000000000000000000"
"Seven Oaks","Seven Oaks","2011","566.50000000000000000000"
"Transcona","Transcona","2011","436.40000000000000000000"
"St. Vital","St. Vital","2011","423.80000000000000000000"
"Inkster","Inkster","2011","542.00000000000000000000"
"Downtown","Downtown","2011","1831.30000000000000000000"
"Assiniboine South","Assiniboine South","2011","221.40000000000000000000"
"St. James - Assiniboia","St. James - Assiniboia","2011","439.60000000000000000000"
"St. Boniface","St. Boniface","2011","459.10000000000000000000"
"River East","River East","2011","1011.20000000000000000000"
"Fort Garry","Fort Garry","2011","358.20000000000000000000"
"Point Douglas","Point Douglas","2011","1383.00000000000000000000"
"Transcona","Transcona","2006","402.60000000000000000000"
"River Heights","River Heights","2006","1554.10000000000000000000"
"Seven Oaks","Seven Oaks","2006","521.70000000000000000000"
"St. Vital","St. Vital","2006","402.20000000000000000000"
"Inkster","Inkster","2006","546.40000000000000000000"
"Downtown","Downtown","2006","1850.30000000000000000000"
"Assiniboine South","Assiniboine South","2006","219.80000000000000000000"
"St. James - Assiniboia","St. James - Assiniboia","2006","435.80000000000000000000"
"St. Boniface","St. Boniface","2006","427.80000000000000000000"
"River East","River East","2006","984.10000000000000000000"
"Fort Garry","Fort Garry","2006","339.60000000000000000000"
"Point Douglas","Point Douglas","2006","1385.30000000000000000000"
"River Heights","River Heights","2001","1543.30000000000000000000"
"Seven Oaks","Seven Oaks","2001","492.40000000000000000000"
"Transcona","Transcona","2001","382.40000000000000000000"
"St. Vital","St. Vital","2001","384.20000000000000000000"
"Inkster","Inkster","2001","543.90000000000000000000"
"Downtown","Downtown","2001","1873.60000000000000000000"
"Point Douglas","Point Douglas","2001","1370.60000000000000000000"
"Assiniboine South","Assiniboine South","2001","213.00000000000000000000"
"St. James - Assiniboia","St. James - Assiniboia","2001","429.70000000000000000000"
"St. Boniface","St. Boniface","2001","396.40000000000000000000"
"River East","River East","2001","962.20000000000000000000"
"Fort Garry","Fort Garry","2001","308.40000000000000000000"
