﻿"Geography ID","Geography Name","Year","Value"
"River Heights","River Heights","2020","65000.00000000000000000000"
"Fort Garry","Fort Garry","2020","76000.00000000000000000000"
"River East","River East","2020","65000.00000000000000000000"
"St. Boniface","St. Boniface","2020","79000.00000000000000000000"
"St. James - Assiniboia","St. James - Assiniboia","2020","69000.00000000000000000000"
"Assiniboine South","Assiniboine South","2020","85000.00000000000000000000"
"Point Douglas","Point Douglas","2020","56800.00000000000000000000"
"Inkster","Inkster","2020","77000.00000000000000000000"
"St. Vital","St. Vital","2020","72000.00000000000000000000"
"Transcona","Transcona","2020","78500.00000000000000000000"
"Seven Oaks","Seven Oaks","2020","78000.00000000000000000000"
"Downtown","Downtown","2020","48000.00000000000000000000"
"River East","River East","2015","55823.00000000000000000000"
"St. Boniface","St. Boniface","2015","68175.00000000000000000000"
"St. James - Assiniboia","St. James - Assiniboia","2015","59811.00000000000000000000"
"Assiniboine South","Assiniboine South","2015","75787.00000000000000000000"
"Point Douglas","Point Douglas","2015","44437.00000000000000000000"
"Downtown","Downtown","2015","39626.00000000000000000000"
"Inkster","Inkster","2015","61079.00000000000000000000"
"St. Vital","St. Vital","2015","63922.00000000000000000000"
"Transcona","Transcona","2015","68754.00000000000000000000"
"Seven Oaks","Seven Oaks","2015","64328.00000000000000000000"
"River Heights","River Heights","2015","56848.00000000000000000000"
"Fort Garry","Fort Garry","2015","68021.00000000000000000000"
"River Heights","River Heights","2010","55372.00000000000000000000"
"Fort Garry","Fort Garry","2010","73764.00000000000000000000"
"River East","River East","2010","54212.00000000000000000000"
"St. Boniface","St. Boniface","2010","68939.00000000000000000000"
"St. James - Assiniboia","St. James - Assiniboia","2010","59581.00000000000000000000"
"Assiniboine South","Assiniboine South","2010","81462.00000000000000000000"
"Point Douglas","Point Douglas","2010","39614.00000000000000000000"
"Inkster","Inkster","2010","57765.00000000000000000000"
"St. Vital","St. Vital","2010","64404.00000000000000000000"
"Transcona","Transcona","2010","69072.00000000000000000000"
"Seven Oaks","Seven Oaks","2010","62023.00000000000000000000"
"Downtown","Downtown","2010","36298.00000000000000000000"
"River East","River East","2005","47236.00000000000000000000"
"St. Boniface","St. Boniface","2005","58840.00000000000000000000"
"St. James - Assiniboia","St. James - Assiniboia","2005","52153.00000000000000000000"
"Assiniboine South","Assiniboine South","2005","74992.00000000000000000000"
"Point Douglas","Point Douglas","2005","33831.00000000000000000000"
"Downtown","Downtown","2005","30307.00000000000000000000"
"Inkster","Inkster","2005","49799.00000000000000000000"
"St. Vital","St. Vital","2005","55363.00000000000000000000"
"Transcona","Transcona","2005","59199.00000000000000000000"
"Seven Oaks","Seven Oaks","2005","53383.00000000000000000000"
"River Heights","River Heights","2005","47646.00000000000000000000"
"Fort Garry","Fort Garry","2005","63059.00000000000000000000"
