﻿Community,Category,Dwelling Costs,Number 
Assiniboine South ,Dwelling_cost,Average monthly shelter costs for rented dwellings ($),1360
Assiniboine South ,Dwelling_cost,Median monthly shelter costs for rented dwellings ($),1340
Assiniboine South ,Dwelling_cost,Average monthly shelter costs for owned dwellings ($),1466
Assiniboine South ,Dwelling_cost,Median monthly shelter costs for owned dwellings ($),1210
Assiniboine South ,Dwelling_cost,Average value of dwellings ($),509600
Assiniboine South ,Dwelling_cost,Median value of dwellings ($),420000
Downtown ,Dwelling_cost,Average monthly shelter costs for rented dwellings ($),947
Downtown ,Dwelling_cost,Median monthly shelter costs for rented dwellings ($),900
Downtown ,Dwelling_cost,Average monthly shelter costs for owned dwellings ($),1105
Downtown ,Dwelling_cost,Median monthly shelter costs for owned dwellings ($),1090
Downtown ,Dwelling_cost,Average value of dwellings ($),269600
Downtown ,Dwelling_cost,Median value of dwellings ($),250000
Fort Garry ,Dwelling_cost,Average monthly shelter costs for rented dwellings ($),1366
Fort Garry ,Dwelling_cost,Median monthly shelter costs for rented dwellings ($),1300
Fort Garry ,Dwelling_cost,Average monthly shelter costs for owned dwellings ($),1548
Fort Garry ,Dwelling_cost,Median monthly shelter costs for owned dwellings ($),1430
Fort Garry ,Dwelling_cost,Average value of dwellings ($),452400
Fort Garry ,Dwelling_cost,Median value of dwellings ($),424000
Inkster ,Dwelling_cost,Average monthly shelter costs for rented dwellings ($),1025
Inkster ,Dwelling_cost,Median monthly shelter costs for rented dwellings ($),1000
Inkster ,Dwelling_cost,Average monthly shelter costs for owned dwellings ($),1296
Inkster ,Dwelling_cost,Median monthly shelter costs for owned dwellings ($),1240
Inkster ,Dwelling_cost,Average value of dwellings ($),301200
Inkster ,Dwelling_cost,Median value of dwellings ($),300000
Point Douglas ,Dwelling_cost,Average monthly shelter costs for rented dwellings ($),946
Point Douglas ,Dwelling_cost,Median monthly shelter costs for rented dwellings ($),910
Point Douglas ,Dwelling_cost,Average monthly shelter costs for owned dwellings ($),1031
Point Douglas ,Dwelling_cost,Median monthly shelter costs for owned dwellings ($),1030
Point Douglas ,Dwelling_cost,Average value of dwellings ($),224200
Point Douglas ,Dwelling_cost,Median value of dwellings ($),220000
River East  (Incl East St Paul),Dwelling_cost,Average monthly shelter costs for rented dwellings ($),1145
River East  (Incl East St Paul),Dwelling_cost,Median monthly shelter costs for rented dwellings ($),1080
River East  (Incl East St Paul),Dwelling_cost,Average monthly shelter costs for owned dwellings ($),1216
River East  (Incl East St Paul),Dwelling_cost,Median monthly shelter costs for owned dwellings ($),1120
River East  (Incl East St Paul),Dwelling_cost,Average value of dwellings ($),355200
River East  (Incl East St Paul),Dwelling_cost,Median value of dwellings ($),324000
River Heights ,Dwelling_cost,Average monthly shelter costs for rented dwellings ($),1166
River Heights ,Dwelling_cost,Median monthly shelter costs for rented dwellings ($),1130
River Heights ,Dwelling_cost,Average monthly shelter costs for owned dwellings ($),1356
River Heights ,Dwelling_cost,Median monthly shelter costs for owned dwellings ($),1240
River Heights ,Dwelling_cost,Average value of dwellings ($),386000
River Heights ,Dwelling_cost,Median value of dwellings ($),348000
Seven Oaks  (Incl West St Paul),Dwelling_cost,Average monthly shelter costs for rented dwellings ($),1180
Seven Oaks  (Incl West St Paul),Dwelling_cost,Median monthly shelter costs for rented dwellings ($),1190
Seven Oaks  (Incl West St Paul),Dwelling_cost,Average monthly shelter costs for owned dwellings ($),1430
Seven Oaks  (Incl West St Paul),Dwelling_cost,Median monthly shelter costs for owned dwellings ($),1400
Seven Oaks  (Incl West St Paul),Dwelling_cost,Average value of dwellings ($),373200
Seven Oaks  (Incl West St Paul),Dwelling_cost,Median value of dwellings ($),348000
St. Boniface ,Dwelling_cost,Average monthly shelter costs for rented dwellings ($),1194
St. Boniface ,Dwelling_cost,Median monthly shelter costs for rented dwellings ($),1190
St. Boniface ,Dwelling_cost,Average monthly shelter costs for owned dwellings ($),1452
St. Boniface ,Dwelling_cost,Median monthly shelter costs for owned dwellings ($),1380
St. Boniface ,Dwelling_cost,Average value of dwellings ($),410800
St. Boniface ,Dwelling_cost,Median value of dwellings ($),400000
St. James - Assiniboia ,Dwelling_cost,Average monthly shelter costs for rented dwellings ($),1152
St. James - Assiniboia ,Dwelling_cost,Median monthly shelter costs for rented dwellings ($),1150
St. James - Assiniboia ,Dwelling_cost,Average monthly shelter costs for owned dwellings ($),1201
St. James - Assiniboia ,Dwelling_cost,Median monthly shelter costs for owned dwellings ($),1170
St. James - Assiniboia ,Dwelling_cost,Average value of dwellings ($),325200
St. James - Assiniboia ,Dwelling_cost,Median value of dwellings ($),310000
St. Vital ,Dwelling_cost,Average monthly shelter costs for rented dwellings ($),1189
St. Vital ,Dwelling_cost,Median monthly shelter costs for rented dwellings ($),1160
St. Vital ,Dwelling_cost,Average monthly shelter costs for owned dwellings ($),1312
St. Vital ,Dwelling_cost,Median monthly shelter costs for owned dwellings ($),1220
St. Vital ,Dwelling_cost,Average value of dwellings ($),375600
St. Vital ,Dwelling_cost,Median value of dwellings ($),348000
Transcona ,Dwelling_cost,Average monthly shelter costs for rented dwellings ($),1273
Transcona ,Dwelling_cost,Median monthly shelter costs for rented dwellings ($),1310
Transcona ,Dwelling_cost,Average monthly shelter costs for owned dwellings ($),1336
Transcona ,Dwelling_cost,Median monthly shelter costs for owned dwellings ($),1360
Transcona ,Dwelling_cost,Average value of dwellings ($),325600
Transcona ,Dwelling_cost,Median value of dwellings ($),300000