﻿Community_name,Category,Employment_id,Employment_sectors,Number
Assiniboine South ,Employment_sectors,62,Health care and social assistance,2895
Assiniboine South ,Employment_sectors,44,Retail trade,2090
Assiniboine South ,Employment_sectors,31,Manufacturing,1075
Assiniboine South ,Employment_sectors,61,Educational services,1625
Assiniboine South ,Employment_sectors,48,Transportation and warehousing,815
Assiniboine South ,Employment_sectors,91,Public administration,1640
Assiniboine South ,Employment_sectors,23,Construction,1185
Assiniboine South ,Employment_sectors,72,Accommodation and food services,970
Assiniboine South ,Employment_sectors,54,"Professional, scientific and technical services",1545
Assiniboine South ,Employment_sectors,56,"Administrative and support, waste management and remediation services",1095
Assiniboine South ,Employment_sectors,52,Finance and insurance,675
Assiniboine South ,Employment_sectors,41,Wholesale trade,640
Assiniboine South ,Employment_sectors,71,"Arts, entertainment and recreation",425
Assiniboine South ,Employment_sectors,51,Information and cultural industries,355
Assiniboine South ,Employment_sectors,53,Real estate and rental and leasing,340
Assiniboine South ,Employment_sectors,22,Utilities,215
Assiniboine South ,Employment_sectors,11,"Agriculture, forestry, fishing and hunting",105
Assiniboine South ,Employment_sectors,55,Management of companies and enterprises,35
Assiniboine South ,Employment_sectors,21,"Mining, quarrying, and oil and gas etraction",80
Assiniboine South ,Employment_sectors,81,Other services (ecept public administration),730
Downtown ,Employment_sectors,62,Health care and social assistance,5860
Downtown ,Employment_sectors,44,Retail trade,3945
Downtown ,Employment_sectors,31,Manufacturing,3420
Downtown ,Employment_sectors,61,Educational services,2735
Downtown ,Employment_sectors,48,Transportation and warehousing,3035
Downtown ,Employment_sectors,91,Public administration,1985
Downtown ,Employment_sectors,23,Construction,2065
Downtown ,Employment_sectors,72,Accommodation and food services,1945
Downtown ,Employment_sectors,54,"Professional, scientific and technical services",2130
Downtown ,Employment_sectors,56,"Administrative and support, waste management and remediation services",1290
Downtown ,Employment_sectors,52,Finance and insurance,2685
Downtown ,Employment_sectors,41,Wholesale trade,775
Downtown ,Employment_sectors,71,"Arts, entertainment and recreation",945
Downtown ,Employment_sectors,51,Information and cultural industries,1050
Downtown ,Employment_sectors,53,Real estate and rental and leasing,510
Downtown ,Employment_sectors,22,Utilities,165
Downtown ,Employment_sectors,11,"Agriculture, forestry, fishing and hunting",185
Downtown ,Employment_sectors,55,Management of companies and enterprises,50
Downtown ,Employment_sectors,21,"Mining, quarrying, and oil and gas etraction",30
Downtown ,Employment_sectors,81,Other services (ecept public administration),1830
Fort Garry ,Employment_sectors,62,Health care and social assistance,7425
Fort Garry ,Employment_sectors,44,Retail trade,6620
Fort Garry ,Employment_sectors,31,Manufacturing,3570
Fort Garry ,Employment_sectors,61,Educational services,5560
Fort Garry ,Employment_sectors,48,Transportation and warehousing,4395
Fort Garry ,Employment_sectors,91,Public administration,3160
Fort Garry ,Employment_sectors,23,Construction,2325
Fort Garry ,Employment_sectors,72,Accommodation and food services,3400
Fort Garry ,Employment_sectors,54,"Professional, scientific and technical services",4365
Fort Garry ,Employment_sectors,56,"Administrative and support, waste management and remediation services",2940
Fort Garry ,Employment_sectors,52,Finance and insurance,2575
Fort Garry ,Employment_sectors,41,Wholesale trade,1390
Fort Garry ,Employment_sectors,71,"Arts, entertainment and recreation",915
Fort Garry ,Employment_sectors,51,Information and cultural industries,1125
Fort Garry ,Employment_sectors,53,Real estate and rental and leasing,805
Fort Garry ,Employment_sectors,22,Utilities,525
Fort Garry ,Employment_sectors,11,"Agriculture, forestry, fishing and hunting",355
Fort Garry ,Employment_sectors,55,Management of companies and enterprises,90
Fort Garry ,Employment_sectors,21,"Mining, quarrying, and oil and gas etraction",115
Fort Garry ,Employment_sectors,81,Other services (ecept public administration),2015
Inkster ,Employment_sectors,62,Health care and social assistance,3120
Inkster ,Employment_sectors,44,Retail trade,2305
Inkster ,Employment_sectors,31,Manufacturing,3095
Inkster ,Employment_sectors,61,Educational services,770
Inkster ,Employment_sectors,48,Transportation and warehousing,1430
Inkster ,Employment_sectors,91,Public administration,680
Inkster ,Employment_sectors,23,Construction,1065
Inkster ,Employment_sectors,72,Accommodation and food services,2245
Inkster ,Employment_sectors,54,"Professional, scientific and technical services",620
Inkster ,Employment_sectors,56,"Administrative and support, waste management and remediation services",665
Inkster ,Employment_sectors,52,Finance and insurance,945
Inkster ,Employment_sectors,41,Wholesale trade,665
Inkster ,Employment_sectors,71,"Arts, entertainment and recreation",295
Inkster ,Employment_sectors,51,Information and cultural industries,230
Inkster ,Employment_sectors,53,Real estate and rental and leasing,165
Inkster ,Employment_sectors,22,Utilities,55
Inkster ,Employment_sectors,11,"Agriculture, forestry, fishing and hunting",105
Inkster ,Employment_sectors,55,Management of companies and enterprises,20
Inkster ,Employment_sectors,21,"Mining, quarrying, and oil and gas etraction",25
Inkster ,Employment_sectors,81,Other services (ecept public administration),765
Point Douglas ,Employment_sectors,62,Health care and social assistance,3225
Point Douglas ,Employment_sectors,44,Retail trade,2040
Point Douglas ,Employment_sectors,31,Manufacturing,2920
Point Douglas ,Employment_sectors,61,Educational services,940
Point Douglas ,Employment_sectors,48,Transportation and warehousing,1270
Point Douglas ,Employment_sectors,91,Public administration,805
Point Douglas ,Employment_sectors,23,Construction,1570
Point Douglas ,Employment_sectors,72,Accommodation and food services,1185
Point Douglas ,Employment_sectors,54,"Professional, scientific and technical services",625
Point Douglas ,Employment_sectors,56,"Administrative and support, waste management and remediation services",535
Point Douglas ,Employment_sectors,52,Finance and insurance,1095
Point Douglas ,Employment_sectors,41,Wholesale trade,585
Point Douglas ,Employment_sectors,71,"Arts, entertainment and recreation",305
Point Douglas ,Employment_sectors,51,Information and cultural industries,190
Point Douglas ,Employment_sectors,53,Real estate and rental and leasing,235
Point Douglas ,Employment_sectors,22,Utilities,75
Point Douglas ,Employment_sectors,11,"Agriculture, forestry, fishing and hunting",125
Point Douglas ,Employment_sectors,55,Management of companies and enterprises,35
Point Douglas ,Employment_sectors,21,"Mining, quarrying, and oil and gas etraction",10
Point Douglas ,Employment_sectors,81,Other services (ecept public administration),1010
River East  (Incl East St Paul),Employment_sectors,62,Health care and social assistance,7695
River East  (Incl East St Paul),Employment_sectors,44,Retail trade,5475
River East  (Incl East St Paul),Employment_sectors,31,Manufacturing,4730
River East  (Incl East St Paul),Employment_sectors,61,Educational services,3780
River East  (Incl East St Paul),Employment_sectors,48,Transportation and warehousing,2690
River East  (Incl East St Paul),Employment_sectors,91,Public administration,3655
River East  (Incl East St Paul),Employment_sectors,23,Construction,4545
River East  (Incl East St Paul),Employment_sectors,72,Accommodation and food services,3340
River East  (Incl East St Paul),Employment_sectors,54,"Professional, scientific and technical services",2385
River East  (Incl East St Paul),Employment_sectors,56,"Administrative and support, waste management and remediation services",2070
River East  (Incl East St Paul),Employment_sectors,52,Finance and insurance,2460
River East  (Incl East St Paul),Employment_sectors,41,Wholesale trade,1590
River East  (Incl East St Paul),Employment_sectors,71,"Arts, entertainment and recreation",890
River East  (Incl East St Paul),Employment_sectors,51,Information and cultural industries,650
River East  (Incl East St Paul),Employment_sectors,53,Real estate and rental and leasing,865
River East  (Incl East St Paul),Employment_sectors,22,Utilities,530
River East  (Incl East St Paul),Employment_sectors,11,"Agriculture, forestry, fishing and hunting",325
River East  (Incl East St Paul),Employment_sectors,55,Management of companies and enterprises,95
River East  (Incl East St Paul),Employment_sectors,21,"Mining, quarrying, and oil and gas etraction",90
River East  (Incl East St Paul),Employment_sectors,81,Other services (ecept public administration),2140
River Heights ,Employment_sectors,62,Health care and social assistance,5325
River Heights ,Employment_sectors,44,Retail trade,3365
River Heights ,Employment_sectors,31,Manufacturing,1700
River Heights ,Employment_sectors,61,Educational services,4120
River Heights ,Employment_sectors,48,Transportation and warehousing,2060
River Heights ,Employment_sectors,91,Public administration,2460
River Heights ,Employment_sectors,23,Construction,1750
River Heights ,Employment_sectors,72,Accommodation and food services,1575
River Heights ,Employment_sectors,54,"Professional, scientific and technical services",3135
River Heights ,Employment_sectors,56,"Administrative and support, waste management and remediation services",1790
River Heights ,Employment_sectors,52,Finance and insurance,1420
River Heights ,Employment_sectors,41,Wholesale trade,875
River Heights ,Employment_sectors,71,"Arts, entertainment and recreation",1020
River Heights ,Employment_sectors,51,Information and cultural industries,995
River Heights ,Employment_sectors,53,Real estate and rental and leasing,630
River Heights ,Employment_sectors,22,Utilities,330
River Heights ,Employment_sectors,11,"Agriculture, forestry, fishing and hunting",190
River Heights ,Employment_sectors,55,Management of companies and enterprises,45
River Heights ,Employment_sectors,21,"Mining, quarrying, and oil and gas etraction",50
River Heights ,Employment_sectors,81,Other services (ecept public administration),1585
Seven Oaks  (Incl West St Paul),Employment_sectors,62,Health care and social assistance,7225
Seven Oaks  (Incl West St Paul),Employment_sectors,44,Retail trade,5075
Seven Oaks  (Incl West St Paul),Employment_sectors,31,Manufacturing,4805
Seven Oaks  (Incl West St Paul),Employment_sectors,61,Educational services,2895
Seven Oaks  (Incl West St Paul),Employment_sectors,48,Transportation and warehousing,2715
Seven Oaks  (Incl West St Paul),Employment_sectors,91,Public administration,2415
Seven Oaks  (Incl West St Paul),Employment_sectors,23,Construction,2745
Seven Oaks  (Incl West St Paul),Employment_sectors,72,Accommodation and food services,5120
Seven Oaks  (Incl West St Paul),Employment_sectors,54,"Professional, scientific and technical services",1715
Seven Oaks  (Incl West St Paul),Employment_sectors,56,"Administrative and support, waste management and remediation services",1760
Seven Oaks  (Incl West St Paul),Employment_sectors,52,Finance and insurance,1885
Seven Oaks  (Incl West St Paul),Employment_sectors,41,Wholesale trade,1225
Seven Oaks  (Incl West St Paul),Employment_sectors,71,"Arts, entertainment and recreation",700
Seven Oaks  (Incl West St Paul),Employment_sectors,51,Information and cultural industries,515
Seven Oaks  (Incl West St Paul),Employment_sectors,53,Real estate and rental and leasing,565
Seven Oaks  (Incl West St Paul),Employment_sectors,22,Utilities,325
Seven Oaks  (Incl West St Paul),Employment_sectors,11,"Agriculture, forestry, fishing and hunting",200
Seven Oaks  (Incl West St Paul),Employment_sectors,55,Management of companies and enterprises,65
Seven Oaks  (Incl West St Paul),Employment_sectors,21,"Mining, quarrying, and oil and gas etraction",75
Seven Oaks  (Incl West St Paul),Employment_sectors,81,Other services (ecept public administration),1620
St. Boniface ,Employment_sectors,62,Health care and social assistance,5490
St. Boniface ,Employment_sectors,44,Retail trade,3295
St. Boniface ,Employment_sectors,31,Manufacturing,2245
St. Boniface ,Employment_sectors,61,Educational services,3710
St. Boniface ,Employment_sectors,48,Transportation and warehousing,1850
St. Boniface ,Employment_sectors,91,Public administration,2895
St. Boniface ,Employment_sectors,23,Construction,2265
St. Boniface ,Employment_sectors,72,Accommodation and food services,2005
St. Boniface ,Employment_sectors,54,"Professional, scientific and technical services",2445
St. Boniface ,Employment_sectors,56,"Administrative and support, waste management and remediation services",2015
St. Boniface ,Employment_sectors,52,Finance and insurance,1390
St. Boniface ,Employment_sectors,41,Wholesale trade,985
St. Boniface ,Employment_sectors,71,"Arts, entertainment and recreation",675
St. Boniface ,Employment_sectors,51,Information and cultural industries,605
St. Boniface ,Employment_sectors,53,Real estate and rental and leasing,575
St. Boniface ,Employment_sectors,22,Utilities,395
St. Boniface ,Employment_sectors,11,"Agriculture, forestry, fishing and hunting",215
St. Boniface ,Employment_sectors,55,Management of companies and enterprises,70
St. Boniface ,Employment_sectors,21,"Mining, quarrying, and oil and gas etraction",70
St. Boniface ,Employment_sectors,81,Other services (ecept public administration),1470
St. James - Assiniboia ,Employment_sectors,62,Health care and social assistance,4575
St. James - Assiniboia ,Employment_sectors,44,Retail trade,3730
St. James - Assiniboia ,Employment_sectors,31,Manufacturing,2615
St. James - Assiniboia ,Employment_sectors,61,Educational services,2570
St. James - Assiniboia ,Employment_sectors,48,Transportation and warehousing,1835
St. James - Assiniboia ,Employment_sectors,91,Public administration,2625
St. James - Assiniboia ,Employment_sectors,23,Construction,2205
St. James - Assiniboia ,Employment_sectors,72,Accommodation and food services,2060
St. James - Assiniboia ,Employment_sectors,54,"Professional, scientific and technical services",1660
St. James - Assiniboia ,Employment_sectors,56,"Administrative and support, waste management and remediation services",1450
St. James - Assiniboia ,Employment_sectors,52,Finance and insurance,1190
St. James - Assiniboia ,Employment_sectors,41,Wholesale trade,1085
St. James - Assiniboia ,Employment_sectors,71,"Arts, entertainment and recreation",755
St. James - Assiniboia ,Employment_sectors,51,Information and cultural industries,630
St. James - Assiniboia ,Employment_sectors,53,Real estate and rental and leasing,525
St. James - Assiniboia ,Employment_sectors,22,Utilities,310
St. James - Assiniboia ,Employment_sectors,11,"Agriculture, forestry, fishing and hunting",195
St. James - Assiniboia ,Employment_sectors,55,Management of companies and enterprises,70
St. James - Assiniboia ,Employment_sectors,21,"Mining, quarrying, and oil and gas etraction",60
St. James - Assiniboia ,Employment_sectors,81,Other services (ecept public administration),1395
St. Vital ,Employment_sectors,62,Health care and social assistance,5605
St. Vital ,Employment_sectors,44,Retail trade,4140
St. Vital ,Employment_sectors,31,Manufacturing,2345
St. Vital ,Employment_sectors,61,Educational services,3475
St. Vital ,Employment_sectors,48,Transportation and warehousing,2025
St. Vital ,Employment_sectors,91,Public administration,2490
St. Vital ,Employment_sectors,23,Construction,2395
St. Vital ,Employment_sectors,72,Accommodation and food services,2065
St. Vital ,Employment_sectors,54,"Professional, scientific and technical services",2470
St. Vital ,Employment_sectors,56,"Administrative and support, waste management and remediation services",2155
St. Vital ,Employment_sectors,52,Finance and insurance,1665
St. Vital ,Employment_sectors,41,Wholesale trade,985
St. Vital ,Employment_sectors,71,"Arts, entertainment and recreation",810
St. Vital ,Employment_sectors,51,Information and cultural industries,790
St. Vital ,Employment_sectors,53,Real estate and rental and leasing,645
St. Vital ,Employment_sectors,22,Utilities,370
St. Vital ,Employment_sectors,11,"Agriculture, forestry, fishing and hunting",290
St. Vital ,Employment_sectors,55,Management of companies and enterprises,50
St. Vital ,Employment_sectors,21,"Mining, quarrying, and oil and gas etraction",110
St. Vital ,Employment_sectors,81,Other services (ecept public administration),1550
Transcona ,Employment_sectors,62,Health care and social assistance,3150
Transcona ,Employment_sectors,44,Retail trade,2670
Transcona ,Employment_sectors,31,Manufacturing,2495
Transcona ,Employment_sectors,61,Educational services,1465
Transcona ,Employment_sectors,48,Transportation and warehousing,1095
Transcona ,Employment_sectors,91,Public administration,2030
Transcona ,Employment_sectors,23,Construction,2135
Transcona ,Employment_sectors,72,Accommodation and food services,1980
Transcona ,Employment_sectors,54,"Professional, scientific and technical services",1145
Transcona ,Employment_sectors,56,"Administrative and support, waste management and remediation services",1240
Transcona ,Employment_sectors,52,Finance and insurance,1015
Transcona ,Employment_sectors,41,Wholesale trade,715
Transcona ,Employment_sectors,71,"Arts, entertainment and recreation",415
Transcona ,Employment_sectors,51,Information and cultural industries,345
Transcona ,Employment_sectors,53,Real estate and rental and leasing,215
Transcona ,Employment_sectors,22,Utilities,300
Transcona ,Employment_sectors,11,"Agriculture, forestry, fishing and hunting",150
Transcona ,Employment_sectors,55,Management of companies and enterprises,65
Transcona ,Employment_sectors,21,"Mining, quarrying, and oil and gas etraction",60
Transcona ,Employment_sectors,81,Other services (ecept public administration),1045