﻿Community_name,Category,Household_income,Number
Assiniboine South ,Household_income,"  Under $5,000",155
Assiniboine South ,Household_income,"  $5,000 to $9,999",100
Assiniboine South ,Household_income,"  $10,000 to $14,999",175
Assiniboine South ,Household_income,"  $15,000 to $19,999",160
Assiniboine South ,Household_income,"  $20,000 to $24,999",335
Assiniboine South ,Household_income,"  $25,000 to $29,999",390
Assiniboine South ,Household_income,"  $30,000 to $34,999",315
Assiniboine South ,Household_income,"  $35,000 to $39,999",310
Assiniboine South ,Household_income,"  $40,000 to $44,999",405
Assiniboine South ,Household_income,"  $45,000 to $49,999",380
Assiniboine South ,Household_income,"  $50,000 to $59,999",890
Assiniboine South ,Household_income,"  $60,000 to $69,999",900
Assiniboine South ,Household_income,"  $70,000 to $79,999",990
Assiniboine South ,Household_income,"  $80,000 to $89,999",930
Assiniboine South ,Household_income,"  $90,000 to $99,999",930
Assiniboine South ,Household_income,"  $100,000 to $124,999",1795
Assiniboine South ,Household_income,"  $125,000 to $149,999",1375
Assiniboine South ,Household_income,"  $150,000 to $199,999",1980
Assiniboine South ,Household_income,"  $200,000 and over",2535
Downtown ,Household_income,"  Under $5,000",715
Downtown ,Household_income,"  $5,000 to $9,999",620
Downtown ,Household_income,"  $10,000 to $14,999",1205
Downtown ,Household_income,"  $15,000 to $19,999",950
Downtown ,Household_income,"  $20,000 to $24,999",2400
Downtown ,Household_income,"  $25,000 to $29,999",1940
Downtown ,Household_income,"  $30,000 to $34,999",1945
Downtown ,Household_income,"  $35,000 to $39,999",1835
Downtown ,Household_income,"  $40,000 to $44,999",1825
Downtown ,Household_income,"  $45,000 to $49,999",1620
Downtown ,Household_income,"  $50,000 to $59,999",2855
Downtown ,Household_income,"  $60,000 to $69,999",2395
Downtown ,Household_income,"  $70,000 to $79,999",2105
Downtown ,Household_income,"  $80,000 to $89,999",1975
Downtown ,Household_income,"  $90,000 to $99,999",1455
Downtown ,Household_income,"  $100,000 to $124,999",2775
Downtown ,Household_income,"  $125,000 to $149,999",1650
Downtown ,Household_income,"  $150,000 to $199,999",1535
Downtown ,Household_income,"  $200,000 and over",695
Fort Garry ,Household_income,"  Under $5,000",1070
Fort Garry ,Household_income,"  $5,000 to $9,999",455
Fort Garry ,Household_income,"  $10,000 to $14,999",430
Fort Garry ,Household_income,"  $15,000 to $19,999",550
Fort Garry ,Household_income,"  $20,000 to $24,999",1005
Fort Garry ,Household_income,"  $25,000 to $29,999",1045
Fort Garry ,Household_income,"  $30,000 to $34,999",990
Fort Garry ,Household_income,"  $35,000 to $39,999",1150
Fort Garry ,Household_income,"  $40,000 to $44,999",1270
Fort Garry ,Household_income,"  $45,000 to $49,999",1195
Fort Garry ,Household_income,"  $50,000 to $59,999",2555
Fort Garry ,Household_income,"  $60,000 to $69,999",2505
Fort Garry ,Household_income,"  $70,000 to $79,999",2395
Fort Garry ,Household_income,"  $80,000 to $89,999",2330
Fort Garry ,Household_income,"  $90,000 to $99,999",2160
Fort Garry ,Household_income,"  $100,000 to $124,999",4375
Fort Garry ,Household_income,"  $125,000 to $149,999",3110
Fort Garry ,Household_income,"  $150,000 to $199,999",4320
Fort Garry ,Household_income,"  $200,000 and over",4150
Inkster ,Household_income,"  Under $5,000",45
Inkster ,Household_income,"  $5,000 to $9,999",50
Inkster ,Household_income,"  $10,000 to $14,999",110
Inkster ,Household_income,"  $15,000 to $19,999",140
Inkster ,Household_income,"  $20,000 to $24,999",300
Inkster ,Household_income,"  $25,000 to $29,999",370
Inkster ,Household_income,"  $30,000 to $34,999",305
Inkster ,Household_income,"  $35,000 to $39,999",375
Inkster ,Household_income,"  $40,000 to $44,999",475
Inkster ,Household_income,"  $45,000 to $49,999",440
Inkster ,Household_income,"  $50,000 to $59,999",815
Inkster ,Household_income,"  $60,000 to $69,999",830
Inkster ,Household_income,"  $70,000 to $79,999",845
Inkster ,Household_income,"  $80,000 to $89,999",790
Inkster ,Household_income,"  $90,000 to $99,999",885
Inkster ,Household_income,"  $100,000 to $124,999",1785
Inkster ,Household_income,"  $125,000 to $149,999",1170
Inkster ,Household_income,"  $150,000 to $199,999",1155
Inkster ,Household_income,"  $200,000 and over",595
Point Douglas ,Household_income,"  Under $5,000",260
Point Douglas ,Household_income,"  $5,000 to $9,999",285
Point Douglas ,Household_income,"  $10,000 to $14,999",475
Point Douglas ,Household_income,"  $15,000 to $19,999",295
Point Douglas ,Household_income,"  $20,000 to $24,999",1085
Point Douglas ,Household_income,"  $25,000 to $29,999",840
Point Douglas ,Household_income,"  $30,000 to $34,999",635
Point Douglas ,Household_income,"  $35,000 to $39,999",725
Point Douglas ,Household_income,"  $40,000 to $44,999",690
Point Douglas ,Household_income,"  $45,000 to $49,999",690
Point Douglas ,Household_income,"  $50,000 to $59,999",1380
Point Douglas ,Household_income,"  $60,000 to $69,999",1340
Point Douglas ,Household_income,"  $70,000 to $79,999",1085
Point Douglas ,Household_income,"  $80,000 to $89,999",990
Point Douglas ,Household_income,"  $90,000 to $99,999",980
Point Douglas ,Household_income,"  $100,000 to $124,999",1690
Point Douglas ,Household_income,"  $125,000 to $149,999",1000
Point Douglas ,Household_income,"  $150,000 to $199,999",825
Point Douglas ,Household_income,"  $200,000 and over",290
River East  (Incl East St Paul),Household_income,"  Under $5,000",310
River East  (Incl East St Paul),Household_income,"  $5,000 to $9,999",255
River East  (Incl East St Paul),Household_income,"  $10,000 to $14,999",490
River East  (Incl East St Paul),Household_income,"  $15,000 to $19,999",470
River East  (Incl East St Paul),Household_income,"  $20,000 to $24,999",1660
River East  (Incl East St Paul),Household_income,"  $25,000 to $29,999",1525
River East  (Incl East St Paul),Household_income,"  $30,000 to $34,999",1370
River East  (Incl East St Paul),Household_income,"  $35,000 to $39,999",1735
River East  (Incl East St Paul),Household_income,"  $40,000 to $44,999",1705
River East  (Incl East St Paul),Household_income,"  $45,000 to $49,999",1815
River East  (Incl East St Paul),Household_income,"  $50,000 to $59,999",3150
River East  (Incl East St Paul),Household_income,"  $60,000 to $69,999",3120
River East  (Incl East St Paul),Household_income,"  $70,000 to $79,999",3035
River East  (Incl East St Paul),Household_income,"  $80,000 to $89,999",2910
River East  (Incl East St Paul),Household_income,"  $90,000 to $99,999",2495
River East  (Incl East St Paul),Household_income,"  $100,000 to $124,999",4820
River East  (Incl East St Paul),Household_income,"  $125,000 to $149,999",3480
River East  (Incl East St Paul),Household_income,"  $150,000 to $199,999",3600
River East  (Incl East St Paul),Household_income,"  $200,000 and over",2580
River Heights ,Household_income,"  Under $5,000",345
River Heights ,Household_income,"  $5,000 to $9,999",310
River Heights ,Household_income,"  $10,000 to $14,999",475
River Heights ,Household_income,"  $15,000 to $19,999",410
River Heights ,Household_income,"  $20,000 to $24,999",1155
River Heights ,Household_income,"  $25,000 to $29,999",1075
River Heights ,Household_income,"  $30,000 to $34,999",1105
River Heights ,Household_income,"  $35,000 to $39,999",1235
River Heights ,Household_income,"  $40,000 to $44,999",1175
River Heights ,Household_income,"  $45,000 to $49,999",1190
River Heights ,Household_income,"  $50,000 to $59,999",2310
River Heights ,Household_income,"  $60,000 to $69,999",2335
River Heights ,Household_income,"  $70,000 to $79,999",1965
River Heights ,Household_income,"  $80,000 to $89,999",1750
River Heights ,Household_income,"  $90,000 to $99,999",1650
River Heights ,Household_income,"  $100,000 to $124,999",3110
River Heights ,Household_income,"  $125,000 to $149,999",2205
River Heights ,Household_income,"  $150,000 to $199,999",2390
River Heights ,Household_income,"  $200,000 and over",2475
Seven Oaks  (Incl West St Paul),Household_income,"  Under $5,000",195
Seven Oaks  (Incl West St Paul),Household_income,"  $5,000 to $9,999",140
Seven Oaks  (Incl West St Paul),Household_income,"  $10,000 to $14,999",280
Seven Oaks  (Incl West St Paul),Household_income,"  $15,000 to $19,999",230
Seven Oaks  (Incl West St Paul),Household_income,"  $20,000 to $24,999",750
Seven Oaks  (Incl West St Paul),Household_income,"  $25,000 to $29,999",765
Seven Oaks  (Incl West St Paul),Household_income,"  $30,000 to $34,999",770
Seven Oaks  (Incl West St Paul),Household_income,"  $35,000 to $39,999",865
Seven Oaks  (Incl West St Paul),Household_income,"  $40,000 to $44,999",895
Seven Oaks  (Incl West St Paul),Household_income,"  $45,000 to $49,999",975
Seven Oaks  (Incl West St Paul),Household_income,"  $50,000 to $59,999",2030
Seven Oaks  (Incl West St Paul),Household_income,"  $60,000 to $69,999",1900
Seven Oaks  (Incl West St Paul),Household_income,"  $70,000 to $79,999",1855
Seven Oaks  (Incl West St Paul),Household_income,"  $80,000 to $89,999",1820
Seven Oaks  (Incl West St Paul),Household_income,"  $90,000 to $99,999",1875
Seven Oaks  (Incl West St Paul),Household_income,"  $100,000 to $124,999",3800
Seven Oaks  (Incl West St Paul),Household_income,"  $125,000 to $149,999",2965
Seven Oaks  (Incl West St Paul),Household_income,"  $150,000 to $199,999",3465
Seven Oaks  (Incl West St Paul),Household_income,"  $200,000 and over",2120
St. Boniface ,Household_income,"  Under $5,000",245
St. Boniface ,Household_income,"  $5,000 to $9,999",165
St. Boniface ,Household_income,"  $10,000 to $14,999",340
St. Boniface ,Household_income,"  $15,000 to $19,999",270
St. Boniface ,Household_income,"  $20,000 to $24,999",830
St. Boniface ,Household_income,"  $25,000 to $29,999",675
St. Boniface ,Household_income,"  $30,000 to $34,999",645
St. Boniface ,Household_income,"  $35,000 to $39,999",815
St. Boniface ,Household_income,"  $40,000 to $44,999",885
St. Boniface ,Household_income,"  $45,000 to $49,999",835
St. Boniface ,Household_income,"  $50,000 to $59,999",1785
St. Boniface ,Household_income,"  $60,000 to $69,999",1775
St. Boniface ,Household_income,"  $70,000 to $79,999",1635
St. Boniface ,Household_income,"  $80,000 to $89,999",1520
St. Boniface ,Household_income,"  $90,000 to $99,999",1615
St. Boniface ,Household_income,"  $100,000 to $124,999",3375
St. Boniface ,Household_income,"  $125,000 to $149,999",2435
St. Boniface ,Household_income,"  $150,000 to $199,999",3340
St. Boniface ,Household_income,"  $200,000 and over",2655
St. James - Assiniboia ,Household_income,"  Under $5,000",175
St. James - Assiniboia ,Household_income,"  $5,000 to $9,999",190
St. James - Assiniboia ,Household_income,"  $10,000 to $14,999",355
St. James - Assiniboia ,Household_income,"  $15,000 to $19,999",320
St. James - Assiniboia ,Household_income,"  $20,000 to $24,999",715
St. James - Assiniboia ,Household_income,"  $25,000 to $29,999",900
St. James - Assiniboia ,Household_income,"  $30,000 to $34,999",860
St. James - Assiniboia ,Household_income,"  $35,000 to $39,999",935
St. James - Assiniboia ,Household_income,"  $40,000 to $44,999",1125
St. James - Assiniboia ,Household_income,"  $45,000 to $49,999",1170
St. James - Assiniboia ,Household_income,"  $50,000 to $59,999",2305
St. James - Assiniboia ,Household_income,"  $60,000 to $69,999",1990
St. James - Assiniboia ,Household_income,"  $70,000 to $79,999",2125
St. James - Assiniboia ,Household_income,"  $80,000 to $89,999",1830
St. James - Assiniboia ,Household_income,"  $90,000 to $99,999",1565
St. James - Assiniboia ,Household_income,"  $100,000 to $124,999",3430
St. James - Assiniboia ,Household_income,"  $125,000 to $149,999",2350
St. James - Assiniboia ,Household_income,"  $150,000 to $199,999",2605
St. James - Assiniboia ,Household_income,"  $200,000 and over",1340
St. Vital ,Household_income,"  Under $5,000",315
St. Vital ,Household_income,"  $5,000 to $9,999",170
St. Vital ,Household_income,"  $10,000 to $14,999",270
St. Vital ,Household_income,"  $15,000 to $19,999",375
St. Vital ,Household_income,"  $20,000 to $24,999",930
St. Vital ,Household_income,"  $25,000 to $29,999",1070
St. Vital ,Household_income,"  $30,000 to $34,999",770
St. Vital ,Household_income,"  $35,000 to $39,999",1030
St. Vital ,Household_income,"  $40,000 to $44,999",1100
St. Vital ,Household_income,"  $45,000 to $49,999",1125
St. Vital ,Household_income,"  $50,000 to $59,999",2240
St. Vital ,Household_income,"  $60,000 to $69,999",2145
St. Vital ,Household_income,"  $70,000 to $79,999",2175
St. Vital ,Household_income,"  $80,000 to $89,999",1875
St. Vital ,Household_income,"  $90,000 to $99,999",1785
St. Vital ,Household_income,"  $100,000 to $124,999",3430
St. Vital ,Household_income,"  $125,000 to $149,999",2630
St. Vital ,Household_income,"  $150,000 to $199,999",3120
St. Vital ,Household_income,"  $200,000 and over",2470
Transcona ,Household_income,"  Under $5,000",110
Transcona ,Household_income,"  $5,000 to $9,999",65
Transcona ,Household_income,"  $10,000 to $14,999",95
Transcona ,Household_income,"  $15,000 to $19,999",115
Transcona ,Household_income,"  $20,000 to $24,999",235
Transcona ,Household_income,"  $25,000 to $29,999",430
Transcona ,Household_income,"  $30,000 to $34,999",345
Transcona ,Household_income,"  $35,000 to $39,999",485
Transcona ,Household_income,"  $40,000 to $44,999",595
Transcona ,Household_income,"  $45,000 to $49,999",510
Transcona ,Household_income,"  $50,000 to $59,999",1220
Transcona ,Household_income,"  $60,000 to $69,999",1355
Transcona ,Household_income,"  $70,000 to $79,999",1300
Transcona ,Household_income,"  $80,000 to $89,999",1045
Transcona ,Household_income,"  $90,000 to $99,999",1285
Transcona ,Household_income,"  $100,000 to $124,999",2540
Transcona ,Household_income,"  $125,000 to $149,999",1790
Transcona ,Household_income,"  $150,000 to $199,999",1990
Transcona ,Household_income,"  $200,000 and over",910