﻿Community_name,Category,Household_size,Number 
Assiniboine South ,Household_size,  1 person,4070
Assiniboine South ,Household_size,  2 persons,5700
Assiniboine South ,Household_size,  3 persons,2205
Assiniboine South ,Household_size,  4 persons,2105
Assiniboine South ,Household_size,  5 or more persons,970
Downtown ,Household_size,  1 person,14535
Downtown ,Household_size,  2 persons,9050
Downtown ,Household_size,  3 persons,3860
Downtown ,Household_size,  4 persons,2770
Downtown ,Household_size,  5 or more persons,2285
Fort Garry ,Household_size,  1 person,8125
Fort Garry ,Household_size,  2 persons,11860
Fort Garry ,Household_size,  3 persons,6740
Fort Garry ,Household_size,  4 persons,6405
Fort Garry ,Household_size,  5 or more persons,3935
Inkster ,Household_size,  1 person,1955
Inkster ,Household_size,  2 persons,2890
Inkster ,Household_size,  3 persons,2190
Inkster ,Household_size,  4 persons,2185
Inkster ,Household_size,  5 or more persons,2255
Point Douglas ,Household_size,  1 person,4805
Point Douglas ,Household_size,  2 persons,4060
Point Douglas ,Household_size,  3 persons,2390
Point Douglas ,Household_size,  4 persons,2080
Point Douglas ,Household_size,  5 or more persons,2210
River East  (Incl East St Paul),Household_size,  1 person,12180
River East  (Incl East St Paul),Household_size,  2 persons,13645
River East  (Incl East St Paul),Household_size,  3 persons,6030
River East  (Incl East St Paul),Household_size,  4 persons,5250
River East  (Incl East St Paul),Household_size,  5 or more persons,3415
River Heights ,Household_size,  1 person,12020
River Heights ,Household_size,  2 persons,9575
River Heights ,Household_size,  3 persons,3410
River Heights ,Household_size,  4 persons,2580
River Heights ,Household_size,  5 or more persons,1090
Seven Oaks  (Incl West St Paul),Household_size,  1 person,5765
Seven Oaks  (Incl West St Paul),Household_size,  2 persons,7800
Seven Oaks  (Incl West St Paul),Household_size,  3 persons,4850
Seven Oaks  (Incl West St Paul),Household_size,  4 persons,5150
Seven Oaks  (Incl West St Paul),Household_size,  5 or more persons,4145
St. Boniface ,Household_size,  1 person,7130
St. Boniface ,Household_size,  2 persons,8790
St. Boniface ,Household_size,  3 persons,3870
St. Boniface ,Household_size,  4 persons,3960
St. Boniface ,Household_size,  5 or more persons,2105
St. James - Assiniboia ,Household_size,  1 person,8650
St. James - Assiniboia ,Household_size,  2 persons,9270
St. James - Assiniboia ,Household_size,  3 persons,3795
St. James - Assiniboia ,Household_size,  4 persons,3015
St. James - Assiniboia ,Household_size,  5 or more persons,1560
St. Vital ,Household_size,  1 person,8440
St. Vital ,Household_size,  2 persons,10100
St. Vital ,Household_size,  3 persons,4290
St. Vital ,Household_size,  4 persons,3985
St. Vital ,Household_size,  5 or more persons,2210
Transcona ,Household_size,  1 person,3870
Transcona ,Household_size,  2 persons,5470
Transcona ,Household_size,  3 persons,2725
Transcona ,Household_size,  4 persons,2655
Transcona ,Household_size,  5 or more persons,1710