﻿Community_name,Category,Period _construction,Number 
Assiniboine South ,Period_of_construction,1960 or before,1580
Assiniboine South ,Period_of_construction,1961 to 1980,7115
Assiniboine South ,Period_of_construction,1981 to 1990,2720
Assiniboine South ,Period_of_construction,1991 to 2000,1015
Assiniboine South ,Period_of_construction,2001 to 2005,370
Assiniboine South ,Period_of_construction,2006 to 2010,180
Assiniboine South ,Period_of_construction,2011 to 2015,355
Assiniboine South ,Period_of_construction,2016 to 2021,1715
Downtown ,Period_of_construction,1960 or before,18050
Downtown ,Period_of_construction,1961 to 1980,6930
Downtown ,Period_of_construction,1981 to 1990,3010
Downtown ,Period_of_construction,1991 to 2000,1400
Downtown ,Period_of_construction,2001 to 2005,335
Downtown ,Period_of_construction,2006 to 2010,630
Downtown ,Period_of_construction,2011 to 2015,710
Downtown ,Period_of_construction,2016 to 2021,1445
Fort Garry ,Period_of_construction,1960 or before,3670
Fort Garry ,Period_of_construction,1961 to 1980,8830
Fort Garry ,Period_of_construction,1981 to 1990,5760
Fort Garry ,Period_of_construction,1991 to 2000,3920
Fort Garry ,Period_of_construction,2001 to 2005,2390
Fort Garry ,Period_of_construction,2006 to 2010,2640
Fort Garry ,Period_of_construction,2011 to 2015,4600
Fort Garry ,Period_of_construction,2016 to 2021,5240
Inkster ,Period_of_construction,1960 or before,3100
Inkster ,Period_of_construction,1961 to 1980,3405
Inkster ,Period_of_construction,1981 to 1990,2435
Inkster ,Period_of_construction,1991 to 2000,505
Inkster ,Period_of_construction,2001 to 2005,205
Inkster ,Period_of_construction,2006 to 2010,160
Inkster ,Period_of_construction,2011 to 2015,470
Inkster ,Period_of_construction,2016 to 2021,1200
Point Douglas ,Period_of_construction,1960 or before,10790
Point Douglas ,Period_of_construction,1961 to 1980,2460
Point Douglas ,Period_of_construction,1981 to 1990,555
Point Douglas ,Period_of_construction,1991 to 2000,485
Point Douglas ,Period_of_construction,2001 to 2005,150
Point Douglas ,Period_of_construction,2006 to 2010,295
Point Douglas ,Period_of_construction,2011 to 2015,410
Point Douglas ,Period_of_construction,2016 to 2021,390
River East  (Incl East St Paul),Period_of_construction,1960 or before,12495
River East  (Incl East St Paul),Period_of_construction,1961 to 1980,14985
River East  (Incl East St Paul),Period_of_construction,1981 to 1990,4710
River East  (Incl East St Paul),Period_of_construction,1991 to 2000,2705
River East  (Incl East St Paul),Period_of_construction,2001 to 2005,1265
River East  (Incl East St Paul),Period_of_construction,2006 to 2010,1295
River East  (Incl East St Paul),Period_of_construction,2011 to 2015,1415
River East  (Incl East St Paul),Period_of_construction,2016 to 2021,1640
River Heights ,Period_of_construction,1960 or before,15845
River Heights ,Period_of_construction,1961 to 1980,7760
River Heights ,Period_of_construction,1981 to 1990,1965
River Heights ,Period_of_construction,1991 to 2000,895
River Heights ,Period_of_construction,2001 to 2005,425
River Heights ,Period_of_construction,2006 to 2010,330
River Heights ,Period_of_construction,2011 to 2015,480
River Heights ,Period_of_construction,2016 to 2021,965
Seven Oaks  (Incl West St Paul),Period_of_construction,1960 or before,5320
Seven Oaks  (Incl West St Paul),Period_of_construction,1961 to 1980,8245
Seven Oaks  (Incl West St Paul),Period_of_construction,1981 to 1990,4360
Seven Oaks  (Incl West St Paul),Period_of_construction,1991 to 2000,2365
Seven Oaks  (Incl West St Paul),Period_of_construction,2001 to 2005,1170
Seven Oaks  (Incl West St Paul),Period_of_construction,2006 to 2010,2105
Seven Oaks  (Incl West St Paul),Period_of_construction,2011 to 2015,1705
Seven Oaks  (Incl West St Paul),Period_of_construction,2016 to 2021,2440
St. Boniface ,Period_of_construction,1960 or before,6935
St. Boniface ,Period_of_construction,1961 to 1980,6570
St. Boniface ,Period_of_construction,1981 to 1990,2250
St. Boniface ,Period_of_construction,1991 to 2000,2125
St. Boniface ,Period_of_construction,2001 to 2005,1585
St. Boniface ,Period_of_construction,2006 to 2010,1860
St. Boniface ,Period_of_construction,2011 to 2015,2115
St. Boniface ,Period_of_construction,2016 to 2021,2415
St. James - Assiniboia ,Period_of_construction,1960 or before,8310
St. James - Assiniboia ,Period_of_construction,1961 to 1980,13510
St. James - Assiniboia ,Period_of_construction,1981 to 1990,1850
St. James - Assiniboia ,Period_of_construction,1991 to 2000,845
St. James - Assiniboia ,Period_of_construction,2001 to 2005,410
St. James - Assiniboia ,Period_of_construction,2006 to 2010,445
St. James - Assiniboia ,Period_of_construction,2011 to 2015,470
St. James - Assiniboia ,Period_of_construction,2016 to 2021,460
St. Vital ,Period_of_construction,1960 or before,5515
St. Vital ,Period_of_construction,1961 to 1980,8840
St. Vital ,Period_of_construction,1981 to 1990,5830
St. Vital ,Period_of_construction,1991 to 2000,2855
St. Vital ,Period_of_construction,2001 to 2005,1475
St. Vital ,Period_of_construction,2006 to 2010,1555
St. Vital ,Period_of_construction,2011 to 2015,1695
St. Vital ,Period_of_construction,2016 to 2021,1260
Transcona ,Period_of_construction,1960 or before,2935
Transcona ,Period_of_construction,1961 to 1980,4810
Transcona ,Period_of_construction,1981 to 1990,2295
Transcona ,Period_of_construction,1991 to 2000,920
Transcona ,Period_of_construction,2001 to 2005,380
Transcona ,Period_of_construction,2006 to 2010,995
Transcona ,Period_of_construction,2011 to 2015,1390
Transcona ,Period_of_construction,2016 to 2021,2700