﻿Community_name,Category,Attribute,Age_group,Value
Assiniboine South ,Population_by_age,Male,0 to 4 years ,885
Assiniboine South ,Population_by_age,Female,0 to 4 years ,830
Assiniboine South ,Population_by_age,Male,5 to 9 years ,975
Assiniboine South ,Population_by_age,Female,5 to 9 years ,845
Assiniboine South ,Population_by_age,Male,10 to 14 years,995
Assiniboine South ,Population_by_age,Female,10 to 14 years,990
Assiniboine South ,Population_by_age,Male,15 to 19 years ,1075
Assiniboine South ,Population_by_age,Female,15 to 19 years ,1070
Assiniboine South ,Population_by_age,Male,20 to 24 years ,1045
Assiniboine South ,Population_by_age,Female,20 to 24 years ,875
Assiniboine South ,Population_by_age,Male,25 to 29 years ,1025
Assiniboine South ,Population_by_age,Female,25 to 29 years ,900
Assiniboine South ,Population_by_age,Male,30 to 34 years ,915
Assiniboine South ,Population_by_age,Female,30 to 34 years ,1085
Assiniboine South ,Population_by_age,Male,35 to 39 years ,1105
Assiniboine South ,Population_by_age,Female,35 to 39 years ,1155
Assiniboine South ,Population_by_age,Male,40 to 44 years ,1055
Assiniboine South ,Population_by_age,Female,40 to 44 years ,1140
Assiniboine South ,Population_by_age,Male,45 to 49 years ,1100
Assiniboine South ,Population_by_age,Female,45 to 49 years ,1160
Assiniboine South ,Population_by_age,Male,50 to 54 years ,1050
Assiniboine South ,Population_by_age,Female,50 to 54 years ,1115
Assiniboine South ,Population_by_age,Male,55 to 59 years ,1205
Assiniboine South ,Population_by_age,Female,55 to 59 years ,1330
Assiniboine South ,Population_by_age,Male,60 to 64 years ,1175
Assiniboine South ,Population_by_age,Female,60 to 64 years ,1345
Assiniboine South ,Population_by_age,Male,65 to 69 years ,1150
Assiniboine South ,Population_by_age,Female,65 to 69 years ,1385
Assiniboine South ,Population_by_age,Male,70 to 74 years ,1095
Assiniboine South ,Population_by_age,Female,70 to 74 years ,1230
Assiniboine South ,Population_by_age,Male,75 to 79 years ,745
Assiniboine South ,Population_by_age,Female,75 to 79 years ,810
Assiniboine South ,Population_by_age,Male,80 to 84 years ,490
Assiniboine South ,Population_by_age,Female,80 to 84 years ,535
Assiniboine South ,Population_by_age,Male,85 to 89 years ,235
Assiniboine South ,Population_by_age,Female,85 to 89 years ,260
Assiniboine South ,Population_by_age,Male,90 to 94 years ,100
Assiniboine South ,Population_by_age,Female,90 to 94 years ,155
Assiniboine South ,Population_by_age,Male,95 to 99 years ,20
Assiniboine South ,Population_by_age,Female,95 to 99 years ,80
Assiniboine South ,Population_by_age,Male,100 years and over,0
Assiniboine South ,Population_by_age,Female,100 years and over,0
Downtown ,Population_by_age,Male,0 to 4 years ,1970
Downtown ,Population_by_age,Female,0 to 4 years ,1870
Downtown ,Population_by_age,Male,5 to 9 years ,1825
Downtown ,Population_by_age,Female,5 to 9 years ,1820
Downtown ,Population_by_age,Male,10 to 14 years,1670
Downtown ,Population_by_age,Female,10 to 14 years,1575
Downtown ,Population_by_age,Male,15 to 19 years ,1725
Downtown ,Population_by_age,Female,15 to 19 years ,1795
Downtown ,Population_by_age,Male,20 to 24 years ,3025
Downtown ,Population_by_age,Female,20 to 24 years ,2880
Downtown ,Population_by_age,Male,25 to 29 years ,3300
Downtown ,Population_by_age,Female,25 to 29 years ,3425
Downtown ,Population_by_age,Male,30 to 34 years ,3425
Downtown ,Population_by_age,Female,30 to 34 years ,3305
Downtown ,Population_by_age,Male,35 to 39 years ,2935
Downtown ,Population_by_age,Female,35 to 39 years ,2650
Downtown ,Population_by_age,Male,40 to 44 years ,2405
Downtown ,Population_by_age,Female,40 to 44 years ,2405
Downtown ,Population_by_age,Male,45 to 49 years ,2180
Downtown ,Population_by_age,Female,45 to 49 years ,2050
Downtown ,Population_by_age,Male,50 to 54 years ,2110
Downtown ,Population_by_age,Female,50 to 54 years ,1925
Downtown ,Population_by_age,Male,55 to 59 years ,2275
Downtown ,Population_by_age,Female,55 to 59 years ,2025
Downtown ,Population_by_age,Male,60 to 64 years ,1785
Downtown ,Population_by_age,Female,60 to 64 years ,1830
Downtown ,Population_by_age,Male,65 to 69 years ,1365
Downtown ,Population_by_age,Female,65 to 69 years ,1505
Downtown ,Population_by_age,Male,70 to 74 years ,1220
Downtown ,Population_by_age,Female,70 to 74 years ,1245
Downtown ,Population_by_age,Male,75 to 79 years ,620
Downtown ,Population_by_age,Female,75 to 79 years ,795
Downtown ,Population_by_age,Male,80 to 84 years ,370
Downtown ,Population_by_age,Female,80 to 84 years ,470
Downtown ,Population_by_age,Male,85 to 89 years ,130
Downtown ,Population_by_age,Female,85 to 89 years ,300
Downtown ,Population_by_age,Male,90 to 94 years ,50
Downtown ,Population_by_age,Female,90 to 94 years ,125
Downtown ,Population_by_age,Male,95 to 99 years ,10
Downtown ,Population_by_age,Female,95 to 99 years ,35
Downtown ,Population_by_age,Male,100 years and over,0
Downtown ,Population_by_age,Female,100 years and over,15
Fort Garry ,Population_by_age,Male,0 to 4 years ,2695
Fort Garry ,Population_by_age,Female,0 to 4 years ,2455
Fort Garry ,Population_by_age,Male,5 to 9 years ,2995
Fort Garry ,Population_by_age,Female,5 to 9 years ,2745
Fort Garry ,Population_by_age,Male,10 to 14 years,2950
Fort Garry ,Population_by_age,Female,10 to 14 years,2960
Fort Garry ,Population_by_age,Male,15 to 19 years ,3200
Fort Garry ,Population_by_age,Female,15 to 19 years ,3190
Fort Garry ,Population_by_age,Male,20 to 24 years ,6330
Fort Garry ,Population_by_age,Female,20 to 24 years ,4875
Fort Garry ,Population_by_age,Male,25 to 29 years ,4710
Fort Garry ,Population_by_age,Female,25 to 29 years ,3780
Fort Garry ,Population_by_age,Male,30 to 34 years ,3420
Fort Garry ,Population_by_age,Female,30 to 34 years ,3445
Fort Garry ,Population_by_age,Male,35 to 39 years ,3195
Fort Garry ,Population_by_age,Female,35 to 39 years ,3610
Fort Garry ,Population_by_age,Male,40 to 44 years ,2975
Fort Garry ,Population_by_age,Female,40 to 44 years ,3380
Fort Garry ,Population_by_age,Male,45 to 49 years ,2970
Fort Garry ,Population_by_age,Female,45 to 49 years ,3255
Fort Garry ,Population_by_age,Male,50 to 54 years ,3010
Fort Garry ,Population_by_age,Female,50 to 54 years ,2875
Fort Garry ,Population_by_age,Male,55 to 59 years ,2680
Fort Garry ,Population_by_age,Female,55 to 59 years ,2990
Fort Garry ,Population_by_age,Male,60 to 64 years ,2425
Fort Garry ,Population_by_age,Female,60 to 64 years ,2625
Fort Garry ,Population_by_age,Male,65 to 69 years ,2090
Fort Garry ,Population_by_age,Female,65 to 69 years ,2375
Fort Garry ,Population_by_age,Male,70 to 74 years ,1785
Fort Garry ,Population_by_age,Female,70 to 74 years ,1910
Fort Garry ,Population_by_age,Male,75 to 79 years ,1220
Fort Garry ,Population_by_age,Female,75 to 79 years ,1450
Fort Garry ,Population_by_age,Male,80 to 84 years ,650
Fort Garry ,Population_by_age,Female,80 to 84 years ,1025
Fort Garry ,Population_by_age,Male,85 to 89 years ,425
Fort Garry ,Population_by_age,Female,85 to 89 years ,580
Fort Garry ,Population_by_age,Male,90 to 94 years ,160
Fort Garry ,Population_by_age,Female,90 to 94 years ,215
Fort Garry ,Population_by_age,Male,95 to 99 years ,40
Fort Garry ,Population_by_age,Female,95 to 99 years ,40
Fort Garry ,Population_by_age,Male,100 years and over,0
Fort Garry ,Population_by_age,Female,100 years and over,0
Inkster ,Population_by_age,Male,0 to 4 years ,1240
Inkster ,Population_by_age,Female,0 to 4 years ,1070
Inkster ,Population_by_age,Male,5 to 9 years ,1185
Inkster ,Population_by_age,Female,5 to 9 years ,1165
Inkster ,Population_by_age,Male,10 to 14 years,1170
Inkster ,Population_by_age,Female,10 to 14 years,1140
Inkster ,Population_by_age,Male,15 to 19 years ,1290
Inkster ,Population_by_age,Female,15 to 19 years ,1145
Inkster ,Population_by_age,Male,20 to 24 years ,1715
Inkster ,Population_by_age,Female,20 to 24 years ,1375
Inkster ,Population_by_age,Male,25 to 29 years ,1365
Inkster ,Population_by_age,Female,25 to 29 years ,1270
Inkster ,Population_by_age,Male,30 to 34 years ,1365
Inkster ,Population_by_age,Female,30 to 34 years ,1260
Inkster ,Population_by_age,Male,35 to 39 years ,1315
Inkster ,Population_by_age,Female,35 to 39 years ,1335
Inkster ,Population_by_age,Male,40 to 44 years ,1255
Inkster ,Population_by_age,Female,40 to 44 years ,1390
Inkster ,Population_by_age,Male,45 to 49 years ,1115
Inkster ,Population_by_age,Female,45 to 49 years ,1145
Inkster ,Population_by_age,Male,50 to 54 years ,995
Inkster ,Population_by_age,Female,50 to 54 years ,1110
Inkster ,Population_by_age,Male,55 to 59 years ,1160
Inkster ,Population_by_age,Female,55 to 59 years ,1060
Inkster ,Population_by_age,Male,60 to 64 years ,1030
Inkster ,Population_by_age,Female,60 to 64 years ,1090
Inkster ,Population_by_age,Male,65 to 69 years ,795
Inkster ,Population_by_age,Female,65 to 69 years ,920
Inkster ,Population_by_age,Male,70 to 74 years ,580
Inkster ,Population_by_age,Female,70 to 74 years ,740
Inkster ,Population_by_age,Male,75 to 79 years ,345
Inkster ,Population_by_age,Female,75 to 79 years ,385
Inkster ,Population_by_age,Male,80 to 84 years ,175
Inkster ,Population_by_age,Female,80 to 84 years ,230
Inkster ,Population_by_age,Male,85 to 89 years ,35
Inkster ,Population_by_age,Female,85 to 89 years ,100
Inkster ,Population_by_age,Male,90 to 94 years ,30
Inkster ,Population_by_age,Female,90 to 94 years ,70
Inkster ,Population_by_age,Male,95 to 99 years ,0
Inkster ,Population_by_age,Female,95 to 99 years ,20
Inkster ,Population_by_age,Male,100 years and over,0
Inkster ,Population_by_age,Female,100 years and over,0
Point Douglas ,Population_by_age,Male,0 to 4 years ,1460
Point Douglas ,Population_by_age,Female,0 to 4 years ,1265
Point Douglas ,Population_by_age,Male,5 to 9 years ,1385
Point Douglas ,Population_by_age,Female,5 to 9 years ,1400
Point Douglas ,Population_by_age,Male,10 to 14 years,1520
Point Douglas ,Population_by_age,Female,10 to 14 years,1395
Point Douglas ,Population_by_age,Male,15 to 19 years ,1555
Point Douglas ,Population_by_age,Female,15 to 19 years ,1435
Point Douglas ,Population_by_age,Male,20 to 24 years ,1520
Point Douglas ,Population_by_age,Female,20 to 24 years ,1395
Point Douglas ,Population_by_age,Male,25 to 29 years ,1530
Point Douglas ,Population_by_age,Female,25 to 29 years ,1365
Point Douglas ,Population_by_age,Male,30 to 34 years ,1415
Point Douglas ,Population_by_age,Female,30 to 34 years ,1370
Point Douglas ,Population_by_age,Male,35 to 39 years ,1335
Point Douglas ,Population_by_age,Female,35 to 39 years ,1395
Point Douglas ,Population_by_age,Male,40 to 44 years ,1260
Point Douglas ,Population_by_age,Female,40 to 44 years ,1435
Point Douglas ,Population_by_age,Male,45 to 49 years ,1440
Point Douglas ,Population_by_age,Female,45 to 49 years ,1310
Point Douglas ,Population_by_age,Male,50 to 54 years ,1300
Point Douglas ,Population_by_age,Female,50 to 54 years ,1455
Point Douglas ,Population_by_age,Male,55 to 59 years ,1585
Point Douglas ,Population_by_age,Female,55 to 59 years ,1385
Point Douglas ,Population_by_age,Male,60 to 64 years ,1375
Point Douglas ,Population_by_age,Female,60 to 64 years ,1150
Point Douglas ,Population_by_age,Male,65 to 69 years ,925
Point Douglas ,Population_by_age,Female,65 to 69 years ,900
Point Douglas ,Population_by_age,Male,70 to 74 years ,585
Point Douglas ,Population_by_age,Female,70 to 74 years ,715
Point Douglas ,Population_by_age,Male,75 to 79 years ,315
Point Douglas ,Population_by_age,Female,75 to 79 years ,410
Point Douglas ,Population_by_age,Male,80 to 84 years ,185
Point Douglas ,Population_by_age,Female,80 to 84 years ,305
Point Douglas ,Population_by_age,Male,85 to 89 years ,115
Point Douglas ,Population_by_age,Female,85 to 89 years ,200
Point Douglas ,Population_by_age,Male,90 to 94 years ,50
Point Douglas ,Population_by_age,Female,90 to 94 years ,85
Point Douglas ,Population_by_age,Male,95 to 99 years ,0
Point Douglas ,Population_by_age,Female,95 to 99 years ,30
Point Douglas ,Population_by_age,Male,100 years and over,0
Point Douglas ,Population_by_age,Female,100 years and over,0
River East  (Incl East St Paul),Population_by_age,Male,0 to 4 years ,2650
River East  (Incl East St Paul),Population_by_age,Female,0 to 4 years ,2800
River East  (Incl East St Paul),Population_by_age,Male,5 to 9 years ,2855
River East  (Incl East St Paul),Population_by_age,Female,5 to 9 years ,2895
River East  (Incl East St Paul),Population_by_age,Male,10 to 14 years,3080
River East  (Incl East St Paul),Population_by_age,Female,10 to 14 years,2495
River East  (Incl East St Paul),Population_by_age,Male,15 to 19 years ,2825
River East  (Incl East St Paul),Population_by_age,Female,15 to 19 years ,2585
River East  (Incl East St Paul),Population_by_age,Male,20 to 24 years ,3330
River East  (Incl East St Paul),Population_by_age,Female,20 to 24 years ,3035
River East  (Incl East St Paul),Population_by_age,Male,25 to 29 years ,3155
River East  (Incl East St Paul),Population_by_age,Female,25 to 29 years ,3065
River East  (Incl East St Paul),Population_by_age,Male,30 to 34 years ,3365
River East  (Incl East St Paul),Population_by_age,Female,30 to 34 years ,3465
River East  (Incl East St Paul),Population_by_age,Male,35 to 39 years ,3465
River East  (Incl East St Paul),Population_by_age,Female,35 to 39 years ,3330
River East  (Incl East St Paul),Population_by_age,Male,40 to 44 years ,2955
River East  (Incl East St Paul),Population_by_age,Female,40 to 44 years ,3260
River East  (Incl East St Paul),Population_by_age,Male,45 to 49 years ,2815
River East  (Incl East St Paul),Population_by_age,Female,45 to 49 years ,3025
River East  (Incl East St Paul),Population_by_age,Male,50 to 54 years ,2745
River East  (Incl East St Paul),Population_by_age,Female,50 to 54 years ,3005
River East  (Incl East St Paul),Population_by_age,Male,55 to 59 years ,3240
River East  (Incl East St Paul),Population_by_age,Female,55 to 59 years ,3455
River East  (Incl East St Paul),Population_by_age,Male,60 to 64 years ,3150
River East  (Incl East St Paul),Population_by_age,Female,60 to 64 years ,3360
River East  (Incl East St Paul),Population_by_age,Male,65 to 69 years ,2725
River East  (Incl East St Paul),Population_by_age,Female,65 to 69 years ,3070
River East  (Incl East St Paul),Population_by_age,Male,70 to 74 years ,2160
River East  (Incl East St Paul),Population_by_age,Female,70 to 74 years ,2670
River East  (Incl East St Paul),Population_by_age,Male,75 to 79 years ,1390
River East  (Incl East St Paul),Population_by_age,Female,75 to 79 years ,1740
River East  (Incl East St Paul),Population_by_age,Male,80 to 84 years ,845
River East  (Incl East St Paul),Population_by_age,Female,80 to 84 years ,1260
River East  (Incl East St Paul),Population_by_age,Male,85 to 89 years ,605
River East  (Incl East St Paul),Population_by_age,Female,85 to 89 years ,910
River East  (Incl East St Paul),Population_by_age,Male,90 to 94 years ,170
River East  (Incl East St Paul),Population_by_age,Female,90 to 94 years ,505
River East  (Incl East St Paul),Population_by_age,Male,95 to 99 years ,50
River East  (Incl East St Paul),Population_by_age,Female,95 to 99 years ,90
River East  (Incl East St Paul),Population_by_age,Male,100 years and over,0
River East  (Incl East St Paul),Population_by_age,Female,100 years and over,10
River Heights ,Population_by_age,Male,0 to 4 years ,1055
River Heights ,Population_by_age,Female,0 to 4 years ,1205
River Heights ,Population_by_age,Male,5 to 9 years ,1385
River Heights ,Population_by_age,Female,5 to 9 years ,1130
River Heights ,Population_by_age,Male,10 to 14 years,1260
River Heights ,Population_by_age,Female,10 to 14 years,1185
River Heights ,Population_by_age,Male,15 to 19 years ,1270
River Heights ,Population_by_age,Female,15 to 19 years ,1255
River Heights ,Population_by_age,Male,20 to 24 years ,2155
River Heights ,Population_by_age,Female,20 to 24 years ,2180
River Heights ,Population_by_age,Male,25 to 29 years ,2750
River Heights ,Population_by_age,Female,25 to 29 years ,2810
River Heights ,Population_by_age,Male,30 to 34 years ,2710
River Heights ,Population_by_age,Female,30 to 34 years ,2565
River Heights ,Population_by_age,Male,35 to 39 years ,2265
River Heights ,Population_by_age,Female,35 to 39 years ,2300
River Heights ,Population_by_age,Male,40 to 44 years ,1915
River Heights ,Population_by_age,Female,40 to 44 years ,1970
River Heights ,Population_by_age,Male,45 to 49 years ,1820
River Heights ,Population_by_age,Female,45 to 49 years ,1755
River Heights ,Population_by_age,Male,50 to 54 years ,1605
River Heights ,Population_by_age,Female,50 to 54 years ,1670
River Heights ,Population_by_age,Male,55 to 59 years ,1695
River Heights ,Population_by_age,Female,55 to 59 years ,1960
River Heights ,Population_by_age,Male,60 to 64 years ,1760
River Heights ,Population_by_age,Female,60 to 64 years ,1825
River Heights ,Population_by_age,Male,65 to 69 years ,1330
River Heights ,Population_by_age,Female,65 to 69 years ,1855
River Heights ,Population_by_age,Male,70 to 74 years ,1225
River Heights ,Population_by_age,Female,70 to 74 years ,1615
River Heights ,Population_by_age,Male,75 to 79 years ,770
River Heights ,Population_by_age,Female,75 to 79 years ,1035
River Heights ,Population_by_age,Male,80 to 84 years ,410
River Heights ,Population_by_age,Female,80 to 84 years ,655
River Heights ,Population_by_age,Male,85 to 89 years ,340
River Heights ,Population_by_age,Female,85 to 89 years ,430
River Heights ,Population_by_age,Male,90 to 94 years ,125
River Heights ,Population_by_age,Female,90 to 94 years ,225
River Heights ,Population_by_age,Male,95 to 99 years ,25
River Heights ,Population_by_age,Female,95 to 99 years ,50
River Heights ,Population_by_age,Male,100 years and over,0
River Heights ,Population_by_age,Female,100 years and over,10
Seven Oaks  (Incl West St Paul),Population_by_age,Male,0 to 4 years ,2395
Seven Oaks  (Incl West St Paul),Population_by_age,Female,0 to 4 years ,2165
Seven Oaks  (Incl West St Paul),Population_by_age,Male,5 to 9 years ,2535
Seven Oaks  (Incl West St Paul),Population_by_age,Female,5 to 9 years ,2335
Seven Oaks  (Incl West St Paul),Population_by_age,Male,10 to 14 years,2650
Seven Oaks  (Incl West St Paul),Population_by_age,Female,10 to 14 years,2470
Seven Oaks  (Incl West St Paul),Population_by_age,Male,15 to 19 years ,2430
Seven Oaks  (Incl West St Paul),Population_by_age,Female,15 to 19 years ,2360
Seven Oaks  (Incl West St Paul),Population_by_age,Male,20 to 24 years ,3825
Seven Oaks  (Incl West St Paul),Population_by_age,Female,20 to 24 years ,3015
Seven Oaks  (Incl West St Paul),Population_by_age,Male,25 to 29 years ,3010
Seven Oaks  (Incl West St Paul),Population_by_age,Female,25 to 29 years ,2705
Seven Oaks  (Incl West St Paul),Population_by_age,Male,30 to 34 years ,2800
Seven Oaks  (Incl West St Paul),Population_by_age,Female,30 to 34 years ,2810
Seven Oaks  (Incl West St Paul),Population_by_age,Male,35 to 39 years ,2915
Seven Oaks  (Incl West St Paul),Population_by_age,Female,35 to 39 years ,3000
Seven Oaks  (Incl West St Paul),Population_by_age,Male,40 to 44 years ,2660
Seven Oaks  (Incl West St Paul),Population_by_age,Female,40 to 44 years ,3055
Seven Oaks  (Incl West St Paul),Population_by_age,Male,45 to 49 years ,2610
Seven Oaks  (Incl West St Paul),Population_by_age,Female,45 to 49 years ,2435
Seven Oaks  (Incl West St Paul),Population_by_age,Male,50 to 54 years ,2435
Seven Oaks  (Incl West St Paul),Population_by_age,Female,50 to 54 years ,2555
Seven Oaks  (Incl West St Paul),Population_by_age,Male,55 to 59 years ,2390
Seven Oaks  (Incl West St Paul),Population_by_age,Female,55 to 59 years ,2475
Seven Oaks  (Incl West St Paul),Population_by_age,Male,60 to 64 years ,2330
Seven Oaks  (Incl West St Paul),Population_by_age,Female,60 to 64 years ,2295
Seven Oaks  (Incl West St Paul),Population_by_age,Male,65 to 69 years ,1940
Seven Oaks  (Incl West St Paul),Population_by_age,Female,65 to 69 years ,2200
Seven Oaks  (Incl West St Paul),Population_by_age,Male,70 to 74 years ,1455
Seven Oaks  (Incl West St Paul),Population_by_age,Female,70 to 74 years ,1920
Seven Oaks  (Incl West St Paul),Population_by_age,Male,75 to 79 years ,960
Seven Oaks  (Incl West St Paul),Population_by_age,Female,75 to 79 years ,1200
Seven Oaks  (Incl West St Paul),Population_by_age,Male,80 to 84 years ,580
Seven Oaks  (Incl West St Paul),Population_by_age,Female,80 to 84 years ,765
Seven Oaks  (Incl West St Paul),Population_by_age,Male,85 to 89 years ,260
Seven Oaks  (Incl West St Paul),Population_by_age,Female,85 to 89 years ,450
Seven Oaks  (Incl West St Paul),Population_by_age,Male,90 to 94 years ,55
Seven Oaks  (Incl West St Paul),Population_by_age,Female,90 to 94 years ,175
Seven Oaks  (Incl West St Paul),Population_by_age,Male,95 to 99 years ,30
Seven Oaks  (Incl West St Paul),Population_by_age,Female,95 to 99 years ,70
Seven Oaks  (Incl West St Paul),Population_by_age,Male,100 years and over,0
Seven Oaks  (Incl West St Paul),Population_by_age,Female,100 years and over,10
St. Boniface ,Population_by_age,Male,0 to 4 years ,1825
St. Boniface ,Population_by_age,Female,0 to 4 years ,1800
St. Boniface ,Population_by_age,Male,5 to 9 years ,2100
St. Boniface ,Population_by_age,Female,5 to 9 years ,1825
St. Boniface ,Population_by_age,Male,10 to 14 years,2020
St. Boniface ,Population_by_age,Female,10 to 14 years,1880
St. Boniface ,Population_by_age,Male,15 to 19 years ,1900
St. Boniface ,Population_by_age,Female,15 to 19 years ,1750
St. Boniface ,Population_by_age,Male,20 to 24 years ,1895
St. Boniface ,Population_by_age,Female,20 to 24 years ,2055
St. Boniface ,Population_by_age,Male,25 to 29 years ,2010
St. Boniface ,Population_by_age,Female,25 to 29 years ,2110
St. Boniface ,Population_by_age,Male,30 to 34 years ,2085
St. Boniface ,Population_by_age,Female,30 to 34 years ,2265
St. Boniface ,Population_by_age,Male,35 to 39 years ,2225
St. Boniface ,Population_by_age,Female,35 to 39 years ,2565
St. Boniface ,Population_by_age,Male,40 to 44 years ,2365
St. Boniface ,Population_by_age,Female,40 to 44 years ,2235
St. Boniface ,Population_by_age,Male,45 to 49 years ,2185
St. Boniface ,Population_by_age,Female,45 to 49 years ,2300
St. Boniface ,Population_by_age,Male,50 to 54 years ,1945
St. Boniface ,Population_by_age,Female,50 to 54 years ,1930
St. Boniface ,Population_by_age,Male,55 to 59 years ,2175
St. Boniface ,Population_by_age,Female,55 to 59 years ,2120
St. Boniface ,Population_by_age,Male,60 to 64 years ,1915
St. Boniface ,Population_by_age,Female,60 to 64 years ,2140
St. Boniface ,Population_by_age,Male,65 to 69 years ,1670
St. Boniface ,Population_by_age,Female,65 to 69 years ,1825
St. Boniface ,Population_by_age,Male,70 to 74 years ,1195
St. Boniface ,Population_by_age,Female,70 to 74 years ,1460
St. Boniface ,Population_by_age,Male,75 to 79 years ,920
St. Boniface ,Population_by_age,Female,75 to 79 years ,970
St. Boniface ,Population_by_age,Male,80 to 84 years ,550
St. Boniface ,Population_by_age,Female,80 to 84 years ,690
St. Boniface ,Population_by_age,Male,85 to 89 years ,305
St. Boniface ,Population_by_age,Female,85 to 89 years ,295
St. Boniface ,Population_by_age,Male,90 to 94 years ,120
St. Boniface ,Population_by_age,Female,90 to 94 years ,115
St. Boniface ,Population_by_age,Male,95 to 99 years ,15
St. Boniface ,Population_by_age,Female,95 to 99 years ,35
St. Boniface ,Population_by_age,Male,100 years and over,0
St. Boniface ,Population_by_age,Female,100 years and over,0
St. James - Assiniboia ,Population_by_age,Male,0 to 4 years ,1345
St. James - Assiniboia ,Population_by_age,Female,0 to 4 years ,1430
St. James - Assiniboia ,Population_by_age,Male,5 to 9 years ,1550
St. James - Assiniboia ,Population_by_age,Female,5 to 9 years ,1475
St. James - Assiniboia ,Population_by_age,Male,10 to 14 years,1675
St. James - Assiniboia ,Population_by_age,Female,10 to 14 years,1495
St. James - Assiniboia ,Population_by_age,Male,15 to 19 years ,1585
St. James - Assiniboia ,Population_by_age,Female,15 to 19 years ,1345
St. James - Assiniboia ,Population_by_age,Male,20 to 24 years ,1755
St. James - Assiniboia ,Population_by_age,Female,20 to 24 years ,1595
St. James - Assiniboia ,Population_by_age,Male,25 to 29 years ,2070
St. James - Assiniboia ,Population_by_age,Female,25 to 29 years ,2065
St. James - Assiniboia ,Population_by_age,Male,30 to 34 years ,2195
St. James - Assiniboia ,Population_by_age,Female,30 to 34 years ,2015
St. James - Assiniboia ,Population_by_age,Male,35 to 39 years ,1980
St. James - Assiniboia ,Population_by_age,Female,35 to 39 years ,2240
St. James - Assiniboia ,Population_by_age,Male,40 to 44 years ,1835
St. James - Assiniboia ,Population_by_age,Female,40 to 44 years ,1915
St. James - Assiniboia ,Population_by_age,Male,45 to 49 years ,1790
St. James - Assiniboia ,Population_by_age,Female,45 to 49 years ,1825
St. James - Assiniboia ,Population_by_age,Male,50 to 54 years ,1695
St. James - Assiniboia ,Population_by_age,Female,50 to 54 years ,1955
St. James - Assiniboia ,Population_by_age,Male,55 to 59 years ,2095
St. James - Assiniboia ,Population_by_age,Female,55 to 59 years ,2250
St. James - Assiniboia ,Population_by_age,Male,60 to 64 years ,2025
St. James - Assiniboia ,Population_by_age,Female,60 to 64 years ,2220
St. James - Assiniboia ,Population_by_age,Male,65 to 69 years ,1615
St. James - Assiniboia ,Population_by_age,Female,65 to 69 years ,1930
St. James - Assiniboia ,Population_by_age,Male,70 to 74 years ,1410
St. James - Assiniboia ,Population_by_age,Female,70 to 74 years ,1635
St. James - Assiniboia ,Population_by_age,Male,75 to 79 years ,955
St. James - Assiniboia ,Population_by_age,Female,75 to 79 years ,1280
St. James - Assiniboia ,Population_by_age,Male,80 to 84 years ,725
St. James - Assiniboia ,Population_by_age,Female,80 to 84 years ,1005
St. James - Assiniboia ,Population_by_age,Male,85 to 89 years ,405
St. James - Assiniboia ,Population_by_age,Female,85 to 89 years ,425
St. James - Assiniboia ,Population_by_age,Male,90 to 94 years ,120
St. James - Assiniboia ,Population_by_age,Female,90 to 94 years ,205
St. James - Assiniboia ,Population_by_age,Male,95 to 99 years ,10
St. James - Assiniboia ,Population_by_age,Female,95 to 99 years ,40
St. James - Assiniboia ,Population_by_age,Male,100 years and over,0
St. James - Assiniboia ,Population_by_age,Female,100 years and over,0
St. Vital ,Population_by_age,Male,0 to 4 years ,1695
St. Vital ,Population_by_age,Female,0 to 4 years ,1755
St. Vital ,Population_by_age,Male,5 to 9 years ,2015
St. Vital ,Population_by_age,Female,5 to 9 years ,1900
St. Vital ,Population_by_age,Male,10 to 14 years,2090
St. Vital ,Population_by_age,Female,10 to 14 years,1965
St. Vital ,Population_by_age,Male,15 to 19 years ,1900
St. Vital ,Population_by_age,Female,15 to 19 years ,1885
St. Vital ,Population_by_age,Male,20 to 24 years ,2435
St. Vital ,Population_by_age,Female,20 to 24 years ,2195
St. Vital ,Population_by_age,Male,25 to 29 years ,2165
St. Vital ,Population_by_age,Female,25 to 29 years ,2030
St. Vital ,Population_by_age,Male,30 to 34 years ,2320
St. Vital ,Population_by_age,Female,30 to 34 years ,2355
St. Vital ,Population_by_age,Male,35 to 39 years ,2290
St. Vital ,Population_by_age,Female,35 to 39 years ,2400
St. Vital ,Population_by_age,Male,40 to 44 years ,2075
St. Vital ,Population_by_age,Female,40 to 44 years ,2360
St. Vital ,Population_by_age,Male,45 to 49 years ,2260
St. Vital ,Population_by_age,Female,45 to 49 years ,2165
St. Vital ,Population_by_age,Male,50 to 54 years ,2035
St. Vital ,Population_by_age,Female,50 to 54 years ,2215
St. Vital ,Population_by_age,Male,55 to 59 years ,2300
St. Vital ,Population_by_age,Female,55 to 59 years ,2375
St. Vital ,Population_by_age,Male,60 to 64 years ,2350
St. Vital ,Population_by_age,Female,60 to 64 years ,2515
St. Vital ,Population_by_age,Male,65 to 69 years ,2065
St. Vital ,Population_by_age,Female,65 to 69 years ,2470
St. Vital ,Population_by_age,Male,70 to 74 years ,1645
St. Vital ,Population_by_age,Female,70 to 74 years ,2120
St. Vital ,Population_by_age,Male,75 to 79 years ,1045
St. Vital ,Population_by_age,Female,75 to 79 years ,1505
St. Vital ,Population_by_age,Male,80 to 84 years ,700
St. Vital ,Population_by_age,Female,80 to 84 years ,840
St. Vital ,Population_by_age,Male,85 to 89 years ,345
St. Vital ,Population_by_age,Female,85 to 89 years ,525
St. Vital ,Population_by_age,Male,90 to 94 years ,130
St. Vital ,Population_by_age,Female,90 to 94 years ,165
St. Vital ,Population_by_age,Male,95 to 99 years ,15
St. Vital ,Population_by_age,Female,95 to 99 years ,35
St. Vital ,Population_by_age,Male,100 years and over,0
St. Vital ,Population_by_age,Female,100 years and over,0
Transcona ,Population_by_age,Male,0 to 4 years ,1275
Transcona ,Population_by_age,Female,0 to 4 years ,1315
Transcona ,Population_by_age,Male,5 to 9 years ,1525
Transcona ,Population_by_age,Female,5 to 9 years ,1350
Transcona ,Population_by_age,Male,10 to 14 years,1335
Transcona ,Population_by_age,Female,10 to 14 years,1315
Transcona ,Population_by_age,Male,15 to 19 years ,1215
Transcona ,Population_by_age,Female,15 to 19 years ,1255
Transcona ,Population_by_age,Male,20 to 24 years ,1345
Transcona ,Population_by_age,Female,20 to 24 years ,1145
Transcona ,Population_by_age,Male,25 to 29 years ,1405
Transcona ,Population_by_age,Female,25 to 29 years ,1470
Transcona ,Population_by_age,Male,30 to 34 years ,1670
Transcona ,Population_by_age,Female,30 to 34 years ,1685
Transcona ,Population_by_age,Male,35 to 39 years ,1755
Transcona ,Population_by_age,Female,35 to 39 years ,1745
Transcona ,Population_by_age,Male,40 to 44 years ,1610
Transcona ,Population_by_age,Female,40 to 44 years ,1750
Transcona ,Population_by_age,Male,45 to 49 years ,1515
Transcona ,Population_by_age,Female,45 to 49 years ,1360
Transcona ,Population_by_age,Male,50 to 54 years ,1230
Transcona ,Population_by_age,Female,50 to 54 years ,1345
Transcona ,Population_by_age,Male,55 to 59 years ,1315
Transcona ,Population_by_age,Female,55 to 59 years ,1370
Transcona ,Population_by_age,Male,60 to 64 years ,1255
Transcona ,Population_by_age,Female,60 to 64 years ,1385
Transcona ,Population_by_age,Male,65 to 69 years ,1065
Transcona ,Population_by_age,Female,65 to 69 years ,1090
Transcona ,Population_by_age,Male,70 to 74 years ,680
Transcona ,Population_by_age,Female,70 to 74 years ,950
Transcona ,Population_by_age,Male,75 to 79 years ,500
Transcona ,Population_by_age,Female,75 to 79 years ,520
Transcona ,Population_by_age,Male,80 to 84 years ,260
Transcona ,Population_by_age,Female,80 to 84 years ,420
Transcona ,Population_by_age,Male,85 to 89 years ,170
Transcona ,Population_by_age,Female,85 to 89 years ,240
Transcona ,Population_by_age,Male,90 to 94 years ,75
Transcona ,Population_by_age,Female,90 to 94 years ,100
Transcona ,Population_by_age,Male,95 to 99 years ,0
Transcona ,Population_by_age,Female,95 to 99 years ,20
Transcona ,Population_by_age,Male,100 years and over,0
Transcona ,Population_by_age,Female,100 years and over,0