﻿Community_name,Category,Year,Number
Assiniboine South ,Total_population,2021 Census,35750
Assiniboine South ,Total_population,2016 Census,33405
Assiniboine South ,Total_population,2011 Census,34105
Assiniboine South ,Total_population,2006 Census,34610
Assiniboine South ,Total_population,2001 Census,35035
Assiniboine South ,Total_population,1996 Census,36095
Assiniboine South ,Total_population,1991 Census,35715
Assiniboine South ,Total_population,1986 Census,34320
Assiniboine South ,Total_population,1981 Census,30730
Assiniboine South ,Total_population,1976 Census,25995
Assiniboine South ,Total_population,1971 Census,16580
Downtown ,Total_population,2021 Census,68445
Downtown ,Total_population,2016 Census,66850
Downtown ,Total_population,2011 Census,65815
Downtown ,Total_population,2006 Census,64860
Downtown ,Total_population,2001 Census,64345
Downtown ,Total_population,1996 Census,66225
Downtown ,Total_population,1991 Census,68780
Downtown ,Total_population,1986 Census,69665
Downtown ,Total_population,1981 Census,65655
Downtown ,Total_population,1976 Census,61970
Downtown ,Total_population,1971 Census,71610
Fort Garry ,Total_population,2021 Census,99710
Fort Garry ,Total_population,2016 Census,85775
Fort Garry ,Total_population,2011 Census,73890
Fort Garry ,Total_population,2006 Census,68095
Fort Garry ,Total_population,2001 Census,62070
Fort Garry ,Total_population,1996 Census,60115
Fort Garry ,Total_population,1991 Census,57255
Fort Garry ,Total_population,1986 Census,47635
Fort Garry ,Total_population,1981 Census,41880
Fort Garry ,Total_population,1976 Census,36925
Fort Garry ,Total_population,1971 Census,28760
Inkster ,Total_population,2021 Census,36160
Inkster ,Total_population,2016 Census,31990
Inkster ,Total_population,2011 Census,30160
Inkster ,Total_population,2006 Census,29110
Inkster ,Total_population,2001 Census,29535
Inkster ,Total_population,1996 Census,29930
Inkster ,Total_population,1991 Census,29460
Inkster ,Total_population,1986 Census,25705
Inkster ,Total_population,1981 Census,22115
Inkster ,Total_population,1976 Census,19390
Inkster ,Total_population,1971 Census,18530
Point Douglas ,Total_population,2021 Census,41275
Point Douglas ,Total_population,2016 Census,40795
Point Douglas ,Total_population,2011 Census,39590
Point Douglas ,Total_population,2006 Census,37615
Point Douglas ,Total_population,2001 Census,36425
Point Douglas ,Total_population,1996 Census,38315
Point Douglas ,Total_population,1991 Census,39795
Point Douglas ,Total_population,1986 Census,41295
Point Douglas ,Total_population,1981 Census,40990
Point Douglas ,Total_population,1976 Census,47195
Point Douglas ,Total_population,1971 Census,55000
River East  (Incl East St Paul),Total_population,2021 Census,97615
River East  (Incl East St Paul),Total_population,2016 Census,94010
River East  (Incl East St Paul),Total_population,2011 Census,92780
River East  (Incl East St Paul),Total_population,2006 Census,0
River East  (Incl East St Paul),Total_population,2001 Census,0
River East  (Incl East St Paul),Total_population,1996 Census,0
River East  (Incl East St Paul),Total_population,1991 Census,0
River East  (Incl East St Paul),Total_population,1986 Census,0
River East  (Incl East St Paul),Total_population,1981 Census,0
River East  (Incl East St Paul),Total_population,1976 Census,0
River East  (Incl East St Paul),Total_population,1971 Census,0
River Heights ,Total_population,2021 Census,57565
River Heights ,Total_population,2016 Census,57375
River Heights ,Total_population,2011 Census,56225
River Heights ,Total_population,2006 Census,56505
River Heights ,Total_population,2001 Census,56240
River Heights ,Total_population,1996 Census,57685
River Heights ,Total_population,1991 Census,58090
River Heights ,Total_population,1986 Census,60645
River Heights ,Total_population,1981 Census,61035
River Heights ,Total_population,1976 Census,65400
River Heights ,Total_population,1971 Census,70650
Seven Oaks  (Incl West St Paul),Total_population,2021 Census,80725
Seven Oaks  (Incl West St Paul),Total_population,2016 Census,73425
Seven Oaks  (Incl West St Paul),Total_population,2011 Census,67935
Seven Oaks  (Incl West St Paul),Total_population,2006 Census,0
Seven Oaks  (Incl West St Paul),Total_population,2001 Census,0
Seven Oaks  (Incl West St Paul),Total_population,1996 Census,0
Seven Oaks  (Incl West St Paul),Total_population,1991 Census,0
Seven Oaks  (Incl West St Paul),Total_population,1986 Census,0
Seven Oaks  (Incl West St Paul),Total_population,1981 Census,0
Seven Oaks  (Incl West St Paul),Total_population,1976 Census,0
Seven Oaks  (Incl West St Paul),Total_population,1971 Census,0
St. Boniface ,Total_population,2021 Census,63775
St. Boniface ,Total_population,2016 Census,58520
St. Boniface ,Total_population,2011 Census,53755
St. Boniface ,Total_population,2006 Census,49155
St. Boniface ,Total_population,2001 Census,45600
St. Boniface ,Total_population,1996 Census,44505
St. Boniface ,Total_population,1991 Census,43520
St. Boniface ,Total_population,1986 Census,42305
St. Boniface ,Total_population,1981 Census,43090
St. Boniface ,Total_population,1976 Census,45270
St. Boniface ,Total_population,1971 Census,45985
St. James - Assiniboia ,Total_population,2021 Census,59190
St. James - Assiniboia ,Total_population,2016 Census,58485
St. James - Assiniboia ,Total_population,2011 Census,58030
St. James - Assiniboia ,Total_population,2006 Census,57855
St. James - Assiniboia ,Total_population,2001 Census,58590
St. James - Assiniboia ,Total_population,1996 Census,60735
St. James - Assiniboia ,Total_population,1991 Census,62370
St. James - Assiniboia ,Total_population,1986 Census,65600
St. James - Assiniboia ,Total_population,1981 Census,66720
St. James - Assiniboia ,Total_population,1976 Census,69970
St. James - Assiniboia ,Total_population,1971 Census,66150
St. Vital ,Total_population,2021 Census,69640
St. Vital ,Total_population,2016 Census,67580
St. Vital ,Total_population,2011 Census,65330
St. Vital ,Total_population,2006 Census,61605
St. Vital ,Total_population,2001 Census,59840
St. Vital ,Total_population,1996 Census,59540
St. Vital ,Total_population,1991 Census,57395
St. Vital ,Total_population,1986 Census,51030
St. Vital ,Total_population,1981 Census,43620
St. Vital ,Total_population,1976 Census,39365
St. Vital ,Total_population,1971 Census,32500
Transcona ,Total_population,2021 Census,43025
Transcona ,Total_population,2016 Census,36280
Transcona ,Total_population,2011 Census,33350
Transcona ,Total_population,2006 Census,30740
Transcona ,Total_population,2001 Census,30255
Transcona ,Total_population,1996 Census,30895
Transcona ,Total_population,1991 Census,30695
Transcona ,Total_population,1986 Census,27955
Transcona ,Total_population,1981 Census,26015
Transcona ,Total_population,1976 Census,24810
Transcona ,Total_population,1971 Census,22425