﻿Community_name,Category,Dwelling_type,Number 
Assiniboine South ,Type_dwellings,Single-detached house,9495
Assiniboine South ,Type_dwellings,Semi-detached house,1030
Assiniboine South ,Type_dwellings,Row house,635
Assiniboine South ,Type_dwellings,"Apartment, duplex",0
Assiniboine South ,Type_dwellings,"Apartment, building that has five or more storeys",1390
Assiniboine South ,Type_dwellings,"Apartment, building that has fewer than five storeys",2495
Assiniboine South ,Type_dwellings,Other single-attached house,0
Assiniboine South ,Type_dwellings,Movable dwelling,0
Downtown ,Type_dwellings,Single-detached house,10720
Downtown ,Type_dwellings,Semi-detached house,350
Downtown ,Type_dwellings,Row house,265
Downtown ,Type_dwellings,"Apartment, duplex",1570
Downtown ,Type_dwellings,"Apartment, building that has five or more storeys",10890
Downtown ,Type_dwellings,"Apartment, building that has fewer than five storeys",8655
Downtown ,Type_dwellings,Other single-attached house,45
Downtown ,Type_dwellings,Movable dwelling,0
Fort Garry ,Type_dwellings,Single-detached house,21255
Fort Garry ,Type_dwellings,Semi-detached house,1425
Fort Garry ,Type_dwellings,Row house,2330
Fort Garry ,Type_dwellings,"Apartment, duplex",170
Fort Garry ,Type_dwellings,"Apartment, building that has five or more storeys",4905
Fort Garry ,Type_dwellings,"Apartment, building that has fewer than five storeys",6970
Fort Garry ,Type_dwellings,Other single-attached house,0
Fort Garry ,Type_dwellings,Movable dwelling,0
Inkster ,Type_dwellings,Single-detached house,8260
Inkster ,Type_dwellings,Semi-detached house,965
Inkster ,Type_dwellings,Row house,760
Inkster ,Type_dwellings,"Apartment, duplex",70
Inkster ,Type_dwellings,"Apartment, building that has five or more storeys",90
Inkster ,Type_dwellings,"Apartment, building that has fewer than five storeys",1335
Inkster ,Type_dwellings,Other single-attached house,0
Inkster ,Type_dwellings,Movable dwelling,0
Point Douglas ,Type_dwellings,Single-detached house,9875
Point Douglas ,Type_dwellings,Semi-detached house,580
Point Douglas ,Type_dwellings,Row house,335
Point Douglas ,Type_dwellings,"Apartment, duplex",1385
Point Douglas ,Type_dwellings,"Apartment, building that has five or more storeys",920
Point Douglas ,Type_dwellings,"Apartment, building that has fewer than five storeys",2370
Point Douglas ,Type_dwellings,Other single-attached house,80
Point Douglas ,Type_dwellings,Movable dwelling,0
River East  (Incl East St Paul),Type_dwellings,Single-detached house,25615
River East  (Incl East St Paul),Type_dwellings,Semi-detached house,1945
River East  (Incl East St Paul),Type_dwellings,Row house,1275
River East  (Incl East St Paul),Type_dwellings,"Apartment, duplex",490
River East  (Incl East St Paul),Type_dwellings,"Apartment, building that has five or more storeys",5100
River East  (Incl East St Paul),Type_dwellings,"Apartment, building that has fewer than five storeys",6070
River East  (Incl East St Paul),Type_dwellings,Other single-attached house,35
River East  (Incl East St Paul),Type_dwellings,Movable dwelling,0
River Heights ,Type_dwellings,Single-detached house,13145
River Heights ,Type_dwellings,Semi-detached house,415
River Heights ,Type_dwellings,Row house,575
River Heights ,Type_dwellings,"Apartment, duplex",700
River Heights ,Type_dwellings,"Apartment, building that has five or more storeys",7220
River Heights ,Type_dwellings,"Apartment, building that has fewer than five storeys",6605
River Heights ,Type_dwellings,Other single-attached house,15
River Heights ,Type_dwellings,Movable dwelling,0
Seven Oaks  (Incl West St Paul),Type_dwellings,Single-detached house,18330
Seven Oaks  (Incl West St Paul),Type_dwellings,Semi-detached house,1495
Seven Oaks  (Incl West St Paul),Type_dwellings,Row house,1155
Seven Oaks  (Incl West St Paul),Type_dwellings,"Apartment, duplex",165
Seven Oaks  (Incl West St Paul),Type_dwellings,"Apartment, building that has five or more storeys",1475
Seven Oaks  (Incl West St Paul),Type_dwellings,"Apartment, building that has fewer than five storeys",4880
Seven Oaks  (Incl West St Paul),Type_dwellings,Other single-attached house,45
Seven Oaks  (Incl West St Paul),Type_dwellings,Movable dwelling,175
St. Boniface ,Type_dwellings,Single-detached house,16365
St. Boniface ,Type_dwellings,Semi-detached house,1125
St. Boniface ,Type_dwellings,Row house,980
St. Boniface ,Type_dwellings,"Apartment, duplex",540
St. Boniface ,Type_dwellings,"Apartment, building that has five or more storeys",1790
St. Boniface ,Type_dwellings,"Apartment, building that has fewer than five storeys",5025
St. Boniface ,Type_dwellings,Other single-attached house,20
St. Boniface ,Type_dwellings,Movable dwelling,20
St. James - Assiniboia ,Type_dwellings,Single-detached house,15955
St. James - Assiniboia ,Type_dwellings,Semi-detached house,825
St. James - Assiniboia ,Type_dwellings,Row house,1135
St. James - Assiniboia ,Type_dwellings,"Apartment, duplex",35
St. James - Assiniboia ,Type_dwellings,"Apartment, building that has five or more storeys",3590
St. James - Assiniboia ,Type_dwellings,"Apartment, building that has fewer than five storeys",4555
St. James - Assiniboia ,Type_dwellings,Other single-attached house,15
St. James - Assiniboia ,Type_dwellings,Movable dwelling,175
St. Vital ,Type_dwellings,Single-detached house,17690
St. Vital ,Type_dwellings,Semi-detached house,670
St. Vital ,Type_dwellings,Row house,1540
St. Vital ,Type_dwellings,"Apartment, duplex",70
St. Vital ,Type_dwellings,"Apartment, building that has five or more storeys",3340
St. Vital ,Type_dwellings,"Apartment, building that has fewer than five storeys",5335
St. Vital ,Type_dwellings,Other single-attached house,30
St. Vital ,Type_dwellings,Movable dwelling,355
Transcona ,Type_dwellings,Single-detached house,11515
Transcona ,Type_dwellings,Semi-detached house,1440
Transcona ,Type_dwellings,Row house,605
Transcona ,Type_dwellings,"Apartment, duplex",195
Transcona ,Type_dwellings,"Apartment, building that has five or more storeys",390
Transcona ,Type_dwellings,"Apartment, building that has fewer than five storeys",2270
Transcona ,Type_dwellings,Other single-attached house,0
Transcona ,Type_dwellings,Movable dwelling,0